timestamp,temp,humidity,delta_temp,delta_humidity,label,rolling_mean_temp,rolling_std_temp
2024-01-01 08:00:00,27.82,66.03,0.32,1.52,0,27.82,0.0
2024-01-01 08:00:05,27.7,65.8,-0.12,-0.23,0,27.76,0.08
2024-01-01 08:00:10,28.49,66.56,0.79,0.77,0,28.0,0.43
2024-01-01 08:00:15,28.26,67.11,-0.23,0.54,0,28.07,0.37
2024-01-01 08:00:20,28.03,66.64,-0.23,-0.47,0,28.06,0.32
2024-01-01 08:00:25,28.15,64.73,0.12,-1.91,0,28.13,0.29
2024-01-01 08:00:30,27.29,64.16,-0.86,-0.56,0,28.04,0.45
2024-01-01 08:00:35,26.78,64.48,-0.51,0.31,0,27.7,0.64
2024-01-01 08:00:40,26.33,63.07,-0.45,-1.41,0,27.32,0.79
2024-01-01 08:00:45,27.06,62.84,0.73,-0.23,0,27.12,0.68
2024-01-01 08:00:50,43.25,48.16,-0.54,0.17,1,30.14,7.34
2024-01-01 08:00:55,42.1,48.73,-1.15,0.56,1,33.1,8.75
2024-01-01 08:01:00,41.5,48.29,-0.6,-0.44,1,36.05,8.57
2024-01-01 08:01:05,40.9,51.07,-0.6,2.78,1,38.96,6.71
2024-01-01 08:01:10,40.88,49.48,-0.01,-1.59,1,41.73,0.99
2024-01-01 08:01:15,41.71,47.65,0.82,-1.83,1,41.42,0.53
2024-01-01 08:01:20,41.92,44.71,0.21,-2.94,1,41.38,0.47
2024-01-01 08:01:25,40.59,45.01,-1.33,0.3,1,41.2,0.58
2024-01-01 08:01:30,41.33,45.26,0.74,0.26,1,41.29,0.56
2024-01-01 08:01:35,41.21,44.81,-0.12,-0.45,1,41.35,0.51
2024-01-01 08:01:40,40.5,43.73,-0.71,-1.08,1,41.11,0.58
2024-01-01 08:01:45,40.5,45.32,0.0,1.59,1,40.83,0.41
2024-01-01 08:01:50,40.84,42.67,0.34,-2.64,1,40.88,0.39
2024-01-01 08:01:55,41.17,42.1,0.32,-0.58,1,40.84,0.35
2024-01-01 08:02:00,40.5,43.01,-0.67,0.92,1,40.7,0.3
2024-01-01 08:02:05,41.53,44.41,1.03,1.4,1,40.91,0.45
2024-01-01 08:02:10,40.69,43.95,-0.84,-0.46,1,40.95,0.41
2024-01-01 08:02:15,41.02,45.41,0.33,1.46,1,40.98,0.4
2024-01-01 08:02:20,40.54,45.13,-0.48,-0.28,1,40.86,0.43
2024-01-01 08:02:25,40.5,43.34,-0.04,-1.79,1,40.86,0.43
2024-01-01 08:02:30,39.0,34.13,9.62,-27.35,2,40.35,0.78
2024-01-01 08:02:35,29.84,21.0,-9.16,-13.13,2,38.18,4.72
2024-01-01 08:02:40,17.16,21.0,-12.68,0.0,2,33.41,10.11
2024-01-01 08:02:45,29.9,21.0,12.74,0.0,2,31.28,9.33
2024-01-01 08:02:50,39.0,47.7,9.1,26.7,2,30.98,8.97
2024-01-01 08:02:55,39.0,69.76,0.0,22.06,2,30.98,8.97
2024-01-01 08:03:00,30.33,40.04,-8.67,-29.73,2,31.08,8.96
2024-01-01 08:03:05,39.0,67.91,8.67,27.87,2,35.45,4.87
2024-01-01 08:03:10,25.51,92.02,-13.49,24.11,2,34.57,6.3
2024-01-01 08:03:15,36.27,60.57,10.76,-31.46,2,34.02,5.93
2024-01-01 08:03:20,26.34,6.6,-0.4,-0.4,1,31.49,5.98
2024-01-01 08:03:25,26.8,6.86,0.46,0.26,1,30.78,6.34
2024-01-01 08:03:30,26.53,7.27,-0.26,0.41,1,28.29,4.49
2024-01-01 08:03:35,26.58,8.05,0.05,0.77,1,28.5,4.34
2024-01-01 08:03:40,26.23,7.79,-0.35,-0.26,1,26.5,0.22
2024-01-01 08:03:45,26.04,6.61,-0.2,-1.17,1,26.44,0.3
2024-01-01 08:03:50,26.18,6.82,0.15,0.21,1,26.31,0.23
2024-01-01 08:03:55,26.19,6.64,0.0,-0.19,1,26.24,0.2
2024-01-01 08:04:00,25.48,6.3,-0.71,-0.34,1,26.02,0.31
2024-01-01 08:04:05,25.31,5.66,-0.17,-0.64,1,25.84,0.41
2024-01-01 08:04:10,30.71,58.41,0.94,0.17,0,26.77,2.24
2024-01-01 08:04:15,30.84,58.33,0.13,-0.07,0,27.71,2.82
2024-01-01 08:04:20,29.88,58.31,-0.96,-0.03,0,28.44,2.81
2024-01-01 08:04:25,29.91,60.77,0.03,2.46,0,29.33,2.29
2024-01-01 08:04:30,29.82,61.07,-0.1,0.3,0,30.23,0.5
2024-01-01 08:04:35,29.8,59.9,-0.02,-1.17,0,30.05,0.44
2024-01-01 08:04:40,30.37,60.65,0.57,0.75,0,29.96,0.24
2024-01-01 08:04:45,30.77,59.74,0.4,-0.91,0,30.13,0.42
2024-01-01 08:04:50,31.47,58.34,0.7,-1.4,0,30.45,0.7
2024-01-01 08:04:55,31.76,60.53,0.29,2.19,0,30.83,0.8
2024-01-01 08:05:00,41.27,58.39,-0.99,-0.85,1,33.13,4.58
2024-01-01 08:05:05,41.37,57.63,0.1,-0.76,1,35.33,5.48
2024-01-01 08:05:10,40.5,57.73,-0.87,0.1,1,37.27,5.18
2024-01-01 08:05:15,40.5,58.44,0.0,0.71,1,39.08,4.11
2024-01-01 08:05:20,40.5,60.77,0.0,2.32,1,40.83,0.45
2024-01-01 08:05:25,40.5,60.29,0.0,-0.48,1,40.67,0.39
2024-01-01 08:05:30,41.31,58.44,0.81,-1.85,1,40.66,0.36
2024-01-01 08:05:35,41.54,60.4,0.23,1.96,1,40.87,0.51
2024-01-01 08:05:40,40.5,60.68,-1.04,0.28,1,40.87,0.51
2024-01-01 08:05:45,40.76,61.85,0.26,1.17,1,40.92,0.48
2024-01-01 08:05:50,40.5,59.87,-0.26,-1.98,1,40.92,0.48
2024-01-01 08:05:55,41.02,60.31,0.52,0.45,1,40.86,0.44
2024-01-01 08:06:00,41.27,60.83,0.25,0.52,1,40.81,0.34
2024-01-01 08:06:05,40.59,61.18,-0.68,0.35,1,40.83,0.32
2024-01-01 08:06:10,40.89,60.11,0.29,-1.07,1,40.85,0.32
2024-01-01 08:06:15,42.75,60.82,1.87,0.71,1,41.3,0.84
2024-01-01 08:06:20,41.56,61.81,-1.19,0.98,1,41.41,0.83
2024-01-01 08:06:25,40.59,62.99,-0.97,1.18,1,41.28,0.91
2024-01-01 08:06:30,41.74,61.76,1.16,-1.23,1,41.51,0.84
2024-01-01 08:06:35,42.71,62.38,0.96,0.62,1,41.87,0.9
2024-01-01 08:06:40,43.53,65.22,0.82,2.85,1,42.03,1.13
2024-01-01 08:06:45,43.28,64.09,-0.25,-1.13,1,42.37,1.21
2024-01-01 08:06:50,42.39,62.87,-0.89,-1.22,1,42.73,0.71
2024-01-01 08:06:55,42.32,63.38,-0.08,0.51,1,42.85,0.54
2024-01-01 08:07:00,42.59,64.62,0.28,1.24,1,42.82,0.55
2024-01-01 08:07:05,42.61,66.8,0.01,2.18,1,42.64,0.38
2024-01-01 08:07:10,42.34,70.88,-0.26,4.08,1,42.45,0.14
2024-01-01 08:07:15,42.97,69.59,0.63,-1.29,1,42.57,0.26
2024-01-01 08:07:20,41.9,70.32,-1.07,0.72,1,42.48,0.4
2024-01-01 08:07:25,41.67,71.39,-0.22,1.07,1,42.3,0.53
2024-01-01 08:07:30,35.95,32.19,10.86,-34.52,2,40.97,2.85
2024-01-01 08:07:35,22.15,65.06,-13.8,32.87,2,36.93,8.7
2024-01-01 08:07:40,15.0,38.98,-7.15,-26.08,2,31.33,12.15
2024-01-01 08:07:45,28.18,21.0,13.18,-17.98,2,28.59,10.63
2024-01-01 08:07:50,18.75,49.57,-9.43,28.57,2,24.01,8.25
2024-01-01 08:07:55,32.4,21.0,13.65,-28.57,2,23.3,7.03
2024-01-01 08:08:00,20.76,42.91,-11.64,21.91,2,23.02,7.11
2024-01-01 08:08:05,32.65,21.0,11.88,-21.91,2,26.55,6.49
2024-01-01 08:08:10,23.37,21.0,-9.27,0.0,2,25.59,6.54
2024-01-01 08:08:15,15.0,21.0,-8.37,0.0,2,24.84,7.64
2024-01-01 08:08:20,28.1,61.09,-0.69,-0.94,0,23.98,6.77
2024-01-01 08:08:25,28.36,61.6,0.26,0.51,0,25.5,6.72
2024-01-01 08:08:30,28.61,65.45,0.26,3.85,0,24.69,5.83
2024-01-01 08:08:35,28.9,66.59,0.29,1.14,0,25.79,6.04
2024-01-01 08:08:40,29.38,67.24,0.48,0.65,0,28.67,0.5
2024-01-01 08:08:45,29.22,68.0,-0.16,0.76,0,28.89,0.42
2024-01-01 08:08:50,28.83,67.76,-0.39,-0.24,0,28.99,0.31
2024-01-01 08:08:55,28.59,67.84,-0.24,0.08,0,28.98,0.32
2024-01-01 08:09:00,29.75,65.98,1.16,-1.87,0,29.15,0.46
2024-01-01 08:09:05,30.09,64.36,0.34,-1.61,0,29.3,0.62
2024-01-01 08:09:10,29.85,65.45,-0.24,1.09,0,29.42,0.67
2024-01-01 08:09:15,29.89,64.38,0.03,-1.08,0,29.63,0.6
2024-01-01 08:09:20,29.53,65.06,-0.36,0.68,0,29.82,0.2
2024-01-01 08:09:25,29.16,65.27,-0.37,0.22,0,29.7,0.36
2024-01-01 08:09:30,29.19,64.62,0.02,-0.65,0,29.52,0.35
2024-01-01 08:09:35,30.26,65.25,1.07,0.63,0,29.61,0.47
2024-01-01 08:09:40,29.25,65.44,-1.01,0.19,0,29.48,0.46
2024-01-01 08:09:45,28.92,66.29,-0.33,0.85,0,29.36,0.52
2024-01-01 08:09:50,28.52,66.18,-0.4,-0.11,0,29.23,0.64
2024-01-01 08:09:55,28.77,67.04,0.25,0.87,0,29.14,0.68
2024-01-01 08:10:00,46.25,7.73,-0.47,-0.52,1,32.34,7.78
2024-01-01 08:10:05,48.02,8.05,1.77,0.32,1,36.1,10.1
2024-01-01 08:10:10,46.75,8.79,-1.26,0.73,1,39.66,10.08
2024-01-01 08:10:15,48.88,9.61,2.12,0.83,1,43.73,8.43
2024-01-01 08:10:20,47.36,9.23,-1.52,-0.39,1,47.45,1.04
2024-01-01 08:10:25,48.62,8.66,1.27,-0.57,1,47.93,0.88
2024-01-01 08:10:30,49.07,9.28,0.44,0.62,1,48.14,1.02
2024-01-01 08:10:35,48.14,9.23,-0.93,-0.05,1,48.41,0.68
2024-01-01 08:10:40,44.9,8.41,-3.24,-0.82,1,47.62,1.65
2024-01-01 08:10:45,44.65,7.42,-0.25,-1.0,1,47.08,2.13
2024-01-01 08:10:50,27.37,61.29,-0.22,0.13,0,42.83,8.86
2024-01-01 08:10:55,28.09,59.85,0.72,-1.44,0,38.63,10.05
2024-01-01 08:11:00,28.68,59.86,0.58,0.01,0,34.74,9.17
2024-01-01 08:11:05,28.19,60.33,-0.49,0.46,0,31.4,7.42
2024-01-01 08:11:10,28.28,59.73,0.1,-0.6,0,28.12,0.48
2024-01-01 08:11:15,28.32,59.34,0.03,-0.39,0,28.31,0.22
2024-01-01 08:11:20,28.38,60.0,0.06,0.66,0,28.37,0.19
2024-01-01 08:11:25,29.17,58.76,0.79,-1.24,0,28.47,0.4
2024-01-01 08:11:30,30.24,56.81,1.07,-1.95,0,28.88,0.85
2024-01-01 08:11:35,30.16,57.4,-0.08,0.59,0,29.25,0.93
2024-01-01 08:11:40,30.3,56.78,0.14,-0.62,0,29.65,0.85
2024-01-01 08:11:45,30.2,56.29,-0.1,-0.49,0,30.01,0.47
2024-01-01 08:11:50,29.9,57.13,-0.29,0.85,0,30.16,0.15
2024-01-01 08:11:55,30.08,56.44,0.18,-0.69,0,30.13,0.15
2024-01-01 08:12:00,30.53,56.75,0.45,0.31,0,30.2,0.24
2024-01-01 08:12:05,30.94,57.38,0.41,0.63,0,30.33,0.41
2024-01-01 08:12:10,30.52,56.82,-0.41,-0.56,0,30.39,0.41
2024-01-01 08:12:15,30.9,57.43,0.37,0.61,0,30.59,0.35
2024-01-01 08:12:20,30.89,57.55,-0.01,0.12,0,30.76,0.21
2024-01-01 08:12:25,31.52,56.95,0.64,-0.59,0,30.95,0.36
2024-01-01 08:12:30,31.8,56.75,0.27,-0.2,0,31.13,0.52
2024-01-01 08:12:35,31.69,57.85,-0.11,1.1,0,31.36,0.44
2024-01-01 08:12:40,32.1,58.66,0.41,0.81,0,31.6,0.45
2024-01-01 08:12:45,32.75,58.69,0.65,0.02,0,31.97,0.48
2024-01-01 08:12:50,33.1,58.38,0.34,-0.31,0,32.29,0.61
2024-01-01 08:12:55,33.26,58.25,0.16,-0.13,0,32.58,0.67
2024-01-01 08:13:00,33.31,58.84,0.05,0.6,0,32.9,0.5
2024-01-01 08:13:05,32.9,60.93,-0.41,2.09,0,33.06,0.24
2024-01-01 08:13:10,32.39,59.72,-0.5,-1.21,0,32.99,0.37
2024-01-01 08:13:15,32.97,60.51,0.58,0.79,0,32.97,0.37
2024-01-01 08:13:20,33.29,61.14,0.31,0.63,0,32.97,0.37
2024-01-01 08:13:25,33.28,60.24,-0.01,-0.9,0,32.97,0.37
2024-01-01 08:13:30,33.32,59.56,0.04,-0.68,0,33.05,0.4
2024-01-01 08:13:35,33.8,59.42,0.49,-0.15,0,33.33,0.3
2024-01-01 08:13:40,33.39,59.1,-0.41,-0.32,0,33.42,0.22
2024-01-01 08:13:45,33.6,58.53,0.21,-0.56,0,33.48,0.22
2024-01-01 08:13:50,33.19,58.78,-0.41,0.24,0,33.46,0.24
2024-01-01 08:13:55,33.31,58.27,0.12,-0.51,0,33.46,0.24
2024-01-01 08:14:00,33.07,58.5,-0.24,0.23,0,33.31,0.2
2024-01-01 08:14:05,32.35,57.09,-0.72,-1.41,0,33.1,0.47
2024-01-01 08:14:10,33.39,18.14,-0.36,-0.17,1,33.06,0.42
2024-01-01 08:14:15,33.55,19.32,0.16,1.18,1,33.13,0.47
2024-01-01 08:14:20,33.98,19.2,0.43,-0.13,1,33.27,0.61
2024-01-01 08:14:25,33.97,18.39,-0.01,-0.8,1,33.45,0.67
2024-01-01 08:14:30,33.96,18.16,-0.01,-0.23,1,33.77,0.28
2024-01-01 08:14:35,34.12,17.5,0.16,-0.66,1,33.92,0.21
2024-01-01 08:14:40,34.38,18.73,0.26,1.23,1,34.08,0.18
2024-01-01 08:14:45,34.33,19.05,-0.05,0.32,1,34.15,0.2
2024-01-01 08:14:50,34.67,18.73,0.35,-0.32,1,34.29,0.27
2024-01-01 08:14:55,34.78,18.74,0.11,0.01,1,34.46,0.27
2024-01-01 08:15:00,26.31,61.04,0.01,0.5,0,32.89,3.69
2024-01-01 08:15:05,27.03,62.0,0.73,0.96,0,31.42,4.35
2024-01-01 08:15:10,28.11,61.23,1.08,-0.77,0,30.18,4.2
2024-01-01 08:15:15,28.55,61.41,0.44,0.18,0,28.96,3.37
2024-01-01 08:15:20,29.64,60.6,1.09,-0.81,0,27.93,1.3
2024-01-01 08:15:25,29.22,60.0,-0.42,-0.6,0,28.51,1.02
2024-01-01 08:15:30,28.16,59.48,-1.06,-0.53,0,28.74,0.67
2024-01-01 08:15:35,27.78,59.63,-0.38,0.15,0,28.67,0.76
2024-01-01 08:15:40,27.95,61.5,0.17,1.88,0,28.55,0.83
2024-01-01 08:15:45,28.43,60.93,0.48,-0.58,0,28.31,0.56
2024-01-01 08:15:50,27.98,61.42,-0.45,0.49,0,28.06,0.25
2024-01-01 08:15:55,27.32,63.25,-0.66,1.83,0,27.89,0.4
2024-01-01 08:16:00,27.91,62.78,0.59,-0.47,0,27.92,0.4
2024-01-01 08:16:05,27.05,64.14,-0.86,1.35,0,27.74,0.55
2024-01-01 08:16:10,26.99,65.37,-0.06,1.24,0,27.45,0.47
2024-01-01 08:16:15,26.19,64.77,-0.8,-0.6,0,27.09,0.62
2024-01-01 08:16:20,26.2,64.82,0.0,0.05,0,26.87,0.71
2024-01-01 08:16:25,25.97,65.44,-0.23,0.62,0,26.48,0.5
2024-01-01 08:16:30,25.44,65.3,-0.53,-0.14,0,26.16,0.56
2024-01-01 08:16:35,25.5,65.82,0.06,0.51,0,25.86,0.37
2024-01-01 08:16:40,25.85,64.69,0.36,-1.12,0,25.79,0.32
2024-01-01 08:16:45,25.09,65.97,-0.77,1.28,0,25.57,0.35
2024-01-01 08:16:50,25.25,65.22,0.17,-0.75,0,25.43,0.29
2024-01-01 08:16:55,26.03,65.34,0.78,0.12,0,25.54,0.4
2024-01-01 08:17:00,26.62,65.4,0.59,0.07,0,25.77,0.62
2024-01-01 08:17:05,27.65,67.16,1.03,1.76,0,26.13,1.05
2024-01-01 08:17:10,27.52,68.13,-0.12,0.97,0,26.61,1.01
2024-01-01 08:17:15,27.85,69.5,0.32,1.37,0,27.13,0.78
2024-01-01 08:17:20,27.36,70.19,-0.48,0.69,0,27.4,0.47
2024-01-01 08:17:25,27.89,68.43,0.53,-1.76,0,27.65,0.22
2024-01-01 08:17:30,27.3,66.39,-0.59,-2.04,0,27.58,0.27
2024-01-01 08:17:35,27.17,67.11,-0.13,0.72,0,27.51,0.33
2024-01-01 08:17:40,27.92,67.18,0.75,0.07,0,27.53,0.35
2024-01-01 08:17:45,28.73,65.8,0.81,-1.38,0,27.8,0.62
2024-01-01 08:17:50,27.88,65.74,-0.85,-0.06,0,27.8,0.62
2024-01-01 08:17:55,28.07,65.71,0.19,-0.03,0,27.95,0.56
2024-01-01 08:18:00,27.04,65.62,-1.03,-0.09,0,27.93,0.6
2024-01-01 08:18:05,26.39,66.29,-0.65,0.67,0,27.62,0.92
2024-01-01 08:18:10,26.57,65.35,0.18,-0.94,0,27.19,0.76
2024-01-01 08:18:15,26.31,64.29,-0.26,-1.06,0,26.88,0.73
2024-01-01 08:18:20,52.57,47.34,-0.99,0.76,1,31.78,11.63
2024-01-01 08:18:25,52.04,46.16,-0.53,-1.19,1,36.78,14.18
2024-01-01 08:18:30,51.93,44.6,-0.11,-1.55,1,41.88,14.1
2024-01-01 08:18:35,51.38,42.81,-0.55,-1.8,1,46.85,11.49
2024-01-01 08:18:40,53.34,42.86,1.96,0.05,1,52.25,0.74
2024-01-01 08:18:45,52.64,43.18,-0.7,0.32,1,52.27,0.75
2024-01-01 08:18:50,52.53,42.85,-0.11,-0.33,1,52.36,0.74
2024-01-01 08:18:55,53.15,43.98,0.61,1.14,1,52.61,0.77
2024-01-01 08:19:00,52.61,43.12,-0.53,-0.86,1,52.85,0.37
2024-01-01 08:19:05,52.34,39.67,-0.28,-3.45,1,52.65,0.3
2024-01-01 08:19:10,17.67,25.3,-11.04,-31.34,2,45.66,15.65
2024-01-01 08:19:15,26.37,21.0,8.7,-4.3,2,40.43,17.09
2024-01-01 08:19:20,38.79,54.48,12.42,33.48,2,37.56,15.55
2024-01-01 08:19:25,27.48,26.26,-11.31,-28.22,2,32.53,13.38
2024-01-01 08:19:30,36.57,53.25,9.09,26.99,2,29.38,8.52
2024-01-01 08:19:35,39.0,77.27,2.43,24.02,2,33.64,6.22
2024-01-01 08:19:40,39.0,51.3,0.0,-25.97,2,36.17,4.96
2024-01-01 08:19:45,30.39,26.13,-8.61,-25.17,2,34.49,5.27
2024-01-01 08:19:50,20.73,51.38,-9.66,25.25,2,33.14,7.78
2024-01-01 08:19:55,15.0,21.0,-5.73,-30.38,2,28.82,10.8
2024-01-01 08:20:00,28.37,63.27,-0.0,1.48,0,26.7,9.22
2024-01-01 08:20:05,28.41,62.41,0.04,-0.86,0,24.58,6.51
2024-01-01 08:20:10,29.17,62.95,0.76,0.54,0,24.34,6.25
2024-01-01 08:20:15,28.65,62.76,-0.52,-0.19,0,25.92,6.11
2024-01-01 08:20:20,28.21,61.38,-0.44,-1.38,0,28.56,0.37
2024-01-01 08:20:25,28.68,63.28,0.46,1.91,0,28.62,0.36
2024-01-01 08:20:30,27.98,63.85,-0.7,0.56,0,28.54,0.46
2024-01-01 08:20:35,27.65,63.36,-0.33,-0.49,0,28.23,0.44
2024-01-01 08:20:40,27.36,62.5,-0.3,-0.86,0,27.98,0.51
2024-01-01 08:20:45,27.38,61.67,0.02,-0.83,0,27.81,0.55
2024-01-01 08:20:50,27.52,61.62,0.14,-0.05,0,27.58,0.25
2024-01-01 08:20:55,27.4,60.71,-0.12,-0.91,0,27.46,0.12
2024-01-01 08:21:00,27.11,61.46,-0.29,0.76,0,27.35,0.15
2024-01-01 08:21:05,27.36,60.49,0.25,-0.98,0,27.35,0.15
2024-01-01 08:21:10,27.41,61.24,0.05,0.75,0,27.36,0.15
2024-01-01 08:21:15,26.57,61.78,-0.83,0.54,0,27.17,0.36
2024-01-01 08:21:20,26.24,62.35,-0.33,0.57,0,26.94,0.51
2024-01-01 08:21:25,25.86,60.55,-0.38,-1.8,0,26.69,0.68
2024-01-01 08:21:30,25.05,60.59,-0.81,0.05,0,26.23,0.87
2024-01-01 08:21:35,25.18,59.69,0.13,-0.9,0,25.78,0.66
2024-01-01 08:21:40,25.5,58.03,0.32,-1.66,0,25.57,0.49
2024-01-01 08:21:45,25.46,56.82,-0.03,-1.21,0,25.41,0.31
2024-01-01 08:21:50,25.14,56.86,-0.33,0.05,0,25.27,0.2
2024-01-01 08:21:55,24.71,56.48,-0.43,-0.38,0,25.2,0.32
2024-01-01 08:22:00,25.21,55.9,0.5,-0.58,0,25.2,0.32
2024-01-01 08:22:05,25.63,54.77,0.42,-1.13,0,25.23,0.35
2024-01-01 08:22:10,25.89,56.22,0.26,1.44,0,25.32,0.46
2024-01-01 08:22:15,24.66,55.42,-1.24,-0.8,0,25.22,0.55
2024-01-01 08:22:20,24.95,55.22,0.29,-0.2,0,25.27,0.5
2024-01-01 08:22:25,25.13,54.61,0.19,-0.6,0,25.25,0.5
2024-01-01 08:22:30,25.17,54.46,0.04,-0.16,0,25.16,0.45
2024-01-01 08:22:35,25.76,54.71,0.58,0.25,0,25.13,0.4
2024-01-01 08:22:40,25.93,54.3,0.17,-0.41,0,25.39,0.43
2024-01-01 08:22:45,25.68,53.87,-0.24,-0.43,0,25.53,0.36
2024-01-01 08:22:50,25.88,53.44,0.2,-0.42,0,25.68,0.3
2024-01-01 08:22:55,26.03,55.52,0.14,2.08,0,25.86,0.14
2024-01-01 08:23:00,26.46,55.19,0.44,-0.33,0,26.0,0.29
2024-01-01 08:23:05,27.06,54.79,0.6,-0.41,0,26.22,0.55
2024-01-01 08:23:10,26.04,53.78,-1.02,-1.01,0,26.29,0.48
2024-01-01 08:23:15,25.11,53.43,-0.94,-0.35,0,26.14,0.71
2024-01-01 08:23:20,25.12,55.1,0.01,1.68,0,25.96,0.85
2024-01-01 08:23:25,25.28,54.88,0.16,-0.22,0,25.72,0.84
2024-01-01 08:23:30,25.69,52.67,0.41,-2.21,0,25.45,0.41
2024-01-01 08:23:35,25.81,53.44,0.12,0.77,0,25.4,0.33
2024-01-01 08:23:40,25.07,54.59,-0.74,1.14,0,25.39,0.34
2024-01-01 08:23:45,25.24,54.17,0.17,-0.42,0,25.42,0.32
2024-01-01 08:23:50,25.56,56.44,0.32,2.27,0,25.47,0.31
2024-01-01 08:23:55,25.65,56.69,0.09,0.25,0,25.47,0.3
2024-01-01 08:24:00,25.42,55.84,-0.23,-0.85,0,25.39,0.24
2024-01-01 08:24:05,25.83,54.98,0.42,-0.86,0,25.54,0.22
2024-01-01 08:24:10,25.87,54.51,0.04,-0.48,0,25.67,0.19
2024-01-01 08:24:15,26.11,54.84,0.24,0.33,0,25.78,0.26
2024-01-01 08:24:20,26.63,54.33,0.52,-0.51,0,25.97,0.44
2024-01-01 08:24:25,26.49,53.35,-0.13,-0.98,0,26.19,0.36
2024-01-01 08:24:30,26.27,53.73,-0.22,0.38,0,26.27,0.3
2024-01-01 08:24:35,26.65,52.81,0.38,-0.92,0,26.43,0.23
2024-01-01 08:24:40,27.09,54.16,0.43,1.36,0,26.63,0.3
2024-01-01 08:24:45,27.29,56.04,0.21,1.88,0,26.76,0.42
2024-01-01 08:24:50,26.91,54.8,-0.39,-1.24,0,26.84,0.4
2024-01-01 08:24:55,26.02,56.29,-0.89,1.5,0,26.79,0.49
2024-01-01 08:25:00,26.34,56.24,0.33,-0.06,0,26.73,0.53
2024-01-01 08:25:05,26.48,55.11,0.14,-1.13,0,26.61,0.5
2024-01-01 08:25:10,27.71,55.24,1.22,0.13,0,26.69,0.65
2024-01-01 08:25:15,27.76,55.97,0.05,0.73,0,26.86,0.81
2024-01-01 08:25:20,28.0,56.19,0.24,0.22,0,27.26,0.78
2024-01-01 08:25:25,27.61,56.66,-0.4,0.47,0,27.51,0.59
2024-01-01 08:25:30,28.55,58.01,0.94,1.35,0,27.93,0.38
2024-01-01 08:25:35,29.34,57.49,0.8,-0.51,0,28.25,0.71
2024-01-01 08:25:40,28.85,57.37,-0.49,-0.13,0,28.47,0.68
2024-01-01 08:25:45,28.88,58.46,0.03,1.09,0,28.65,0.64
2024-01-01 08:25:50,28.03,59.99,-0.85,1.53,0,28.73,0.48
2024-01-01 08:25:55,27.95,59.57,-0.08,-0.43,0,28.61,0.6
2024-01-01 08:26:00,27.45,57.91,-0.51,-1.65,0,28.23,0.62
2024-01-01 08:26:05,27.86,57.98,0.41,0.07,0,28.03,0.52
2024-01-01 08:26:10,27.21,56.69,-0.64,-1.3,0,27.7,0.35
2024-01-01 08:26:15,27.04,58.36,-0.17,1.67,0,27.5,0.4
2024-01-01 08:26:20,26.91,56.85,-0.13,-1.5,0,27.29,0.38
2024-01-01 08:26:25,26.79,56.58,-0.12,-0.27,0,27.16,0.42
2024-01-01 08:26:30,25.44,56.53,-1.35,-0.05,0,26.68,0.71
2024-01-01 08:26:35,25.33,57.22,-0.12,0.7,0,26.3,0.84
2024-01-01 08:26:40,26.25,58.35,0.92,1.13,0,26.14,0.74
2024-01-01 08:26:45,26.12,57.24,-0.13,-1.11,0,25.99,0.6
2024-01-01 08:26:50,27.4,57.3,1.29,0.06,0,26.11,0.83
2024-01-01 08:26:55,27.41,57.28,0.01,-0.02,0,26.5,0.9
2024-01-01 08:27:00,27.51,57.13,0.1,-0.14,0,26.94,0.69
2024-01-01 08:27:05,27.22,56.59,-0.29,-0.55,0,27.13,0.58
2024-01-01 08:27:10,27.21,56.04,-0.02,-0.54,0,27.35,0.13
2024-01-01 08:27:15,26.85,56.15,-0.36,0.11,0,27.24,0.25
2024-01-01 08:27:20,26.72,57.66,-0.13,1.5,0,27.1,0.32
2024-01-01 08:27:25,25.4,58.75,-1.33,1.09,0,26.68,0.75
2024-01-01 08:27:30,26.02,56.67,0.62,-2.07,0,26.44,0.72
2024-01-01 08:27:35,25.85,56.3,-0.17,-0.37,0,26.17,0.61
2024-01-01 08:27:40,25.15,55.52,-0.7,-0.78,0,25.83,0.61
2024-01-01 08:27:45,24.59,57.28,-0.56,1.75,0,25.4,0.57
2024-01-01 08:27:50,25.06,58.55,0.47,1.27,0,25.33,0.59
2024-01-01 08:27:55,25.42,57.42,0.36,-1.13,0,25.21,0.46
2024-01-01 08:28:00,25.16,57.91,-0.26,0.49,0,25.08,0.3
2024-01-01 08:28:05,24.55,58.62,-0.61,0.71,0,24.96,0.38
2024-01-01 08:28:10,24.43,58.25,-0.12,-0.37,0,24.92,0.42
2024-01-01 08:28:15,24.78,58.69,0.36,0.44,0,24.87,0.42
2024-01-01 08:28:20,24.6,59.85,-0.18,1.16,0,24.7,0.28
2024-01-01 08:28:25,24.06,60.47,-0.54,0.62,0,24.48,0.27
2024-01-01 08:28:30,24.36,60.16,0.3,-0.31,0,24.45,0.27
2024-01-01 08:28:35,24.52,58.91,0.16,-1.25,0,24.46,0.27
2024-01-01 08:28:40,24.98,58.72,0.46,-0.18,0,24.5,0.34
2024-01-01 08:28:45,24.72,59.77,-0.26,1.05,0,24.53,0.35
2024-01-01 08:28:50,24.37,58.36,-0.35,-1.41,0,24.59,0.26
2024-01-01 08:28:55,23.59,58.97,-0.78,0.61,0,24.44,0.53
2024-01-01 08:29:00,22.95,60.72,-0.64,1.75,0,24.12,0.84
2024-01-01 08:29:05,22.0,62.42,-0.95,1.7,0,23.53,1.1
2024-01-01 08:29:10,22.11,62.32,0.11,-0.1,0,23.0,1.0
2024-01-01 08:29:15,22.0,62.72,-0.11,0.4,0,22.53,0.71
2024-01-01 08:29:20,22.0,63.82,0.0,1.1,0,22.21,0.42
2024-01-01 08:29:25,22.06,63.97,0.06,0.15,0,22.03,0.05
2024-01-01 08:29:30,22.0,63.92,-0.06,-0.06,0,22.03,0.05
2024-01-01 08:29:35,22.15,62.21,0.15,-1.71,0,22.04,0.07
2024-01-01 08:29:40,22.0,62.95,-0.15,0.74,0,22.04,0.07
2024-01-01 08:29:45,22.09,62.77,0.09,-0.18,0,22.06,0.06
2024-01-01 08:29:50,22.09,63.11,0.01,0.35,0,22.07,0.07
2024-01-01 08:29:55,22.0,62.34,-0.09,-0.78,0,22.07,0.07
2024-01-01 08:30:00,22.1,61.36,0.1,-0.98,0,22.06,0.05
2024-01-01 08:30:05,22.3,59.65,0.2,-1.7,0,22.12,0.11
2024-01-01 08:30:10,22.82,60.13,0.51,0.47,0,22.26,0.33
2024-01-01 08:30:15,22.94,61.11,0.13,0.98,0,22.43,0.43
2024-01-01 08:30:20,23.78,62.12,0.83,1.01,0,22.79,0.66
2024-01-01 08:30:25,22.86,60.84,-0.92,-1.28,0,22.94,0.53
2024-01-01 08:30:30,22.54,60.87,-0.31,0.03,0,22.99,0.47
2024-01-01 08:30:35,22.8,60.14,0.26,-0.73,0,22.98,0.47
2024-01-01 08:30:40,22.9,59.39,0.09,-0.76,0,22.98,0.47
2024-01-01 08:30:45,22.59,57.98,-0.31,-1.41,0,22.74,0.16
2024-01-01 08:30:50,22.13,56.63,-0.46,-1.35,0,22.59,0.3
2024-01-01 08:30:55,22.0,57.68,-0.13,1.05,0,22.48,0.4
2024-01-01 08:31:00,22.0,60.32,0.0,2.63,0,22.32,0.4
2024-01-01 08:31:05,22.25,60.5,0.25,0.18,0,22.19,0.24
2024-01-01 08:31:10,22.0,61.2,-0.25,0.7,0,22.08,0.11
2024-01-01 08:31:15,22.0,61.32,0.0,0.12,0,22.05,0.11
2024-01-01 08:31:20,23.28,61.23,1.28,-0.1,0,22.31,0.56
2024-01-01 08:31:25,23.85,60.53,0.57,-0.7,0,22.68,0.84
2024-01-01 08:31:30,23.84,62.3,-0.02,1.77,0,22.99,0.94
2024-01-01 08:31:35,23.52,64.11,-0.31,1.81,0,23.3,0.76
2024-01-01 08:31:40,23.88,63.55,0.35,-0.56,0,23.67,0.26
2024-01-01 08:31:45,24.19,64.52,0.32,0.97,0,23.86,0.24
2024-01-01 08:31:50,24.5,62.95,0.31,-1.57,0,23.99,0.37
2024-01-01 08:31:55,24.14,62.7,-0.36,-0.25,0,24.05,0.37
2024-01-01 08:32:00,24.1,63.32,-0.04,0.62,0,24.16,0.22
2024-01-01 08:32:05,24.19,61.99,0.09,-1.34,0,24.22,0.16
2024-01-01 08:32:10,24.38,62.6,0.19,0.61,0,24.26,0.17
2024-01-01 08:32:15,24.66,63.68,0.28,1.08,0,24.29,0.23
2024-01-01 08:32:20,25.08,64.14,0.42,0.46,0,24.48,0.4
2024-01-01 08:32:25,25.04,62.48,-0.04,-1.66,0,24.67,0.39
2024-01-01 08:32:30,25.26,62.68,0.21,0.21,0,24.88,0.36
2024-01-01 08:32:35,25.4,61.41,0.14,-1.28,0,25.09,0.28
2024-01-01 08:32:40,24.85,62.46,-0.54,1.05,0,25.13,0.21
2024-01-01 08:32:45,24.83,63.14,-0.02,0.68,0,25.08,0.25
2024-01-01 08:32:50,24.85,63.17,0.01,0.03,0,25.04,0.27
2024-01-01 08:32:55,25.32,62.65,0.47,-0.52,0,25.05,0.28
2024-01-01 08:33:00,25.37,62.19,0.05,-0.46,0,25.04,0.28
2024-01-01 08:33:05,25.15,61.88,-0.22,-0.31,0,25.1,0.25
2024-01-01 08:33:10,25.26,61.4,0.11,-0.48,0,25.19,0.21
2024-01-01 08:33:15,25.89,60.51,0.63,-0.89,0,25.4,0.29
2024-01-01 08:33:20,25.79,60.07,-0.09,-0.44,0,25.49,0.33
2024-01-01 08:33:25,26.52,60.27,0.72,0.2,0,25.72,0.55
2024-01-01 08:33:30,27.03,58.78,0.52,-1.49,0,26.1,0.69
2024-01-01 08:33:35,27.17,59.67,0.13,0.89,0,26.48,0.63
2024-01-01 08:33:40,27.21,60.74,0.04,1.07,0,26.74,0.6
2024-01-01 08:33:45,26.95,62.15,-0.26,1.41,0,26.98,0.28
2024-01-01 08:33:50,28.1,61.78,1.15,-0.36,0,27.29,0.46
2024-01-01 08:33:55,27.88,63.24,-0.22,1.45,0,27.46,0.5
2024-01-01 08:34:00,28.67,62.71,0.79,-0.52,0,27.76,0.69
2024-01-01 08:34:05,28.46,62.43,-0.21,-0.28,0,28.01,0.67
2024-01-01 08:34:10,27.78,61.51,-0.67,-0.92,0,28.18,0.38
2024-01-01 08:34:15,27.28,60.75,-0.5,-0.77,0,28.01,0.56
2024-01-01 08:34:20,27.26,60.98,-0.02,0.23,0,27.89,0.65
2024-01-01 08:34:25,28.04,59.98,0.78,-1.0,0,27.76,0.51
2024-01-01 08:34:30,28.53,59.77,0.49,-0.21,0,27.78,0.54
2024-01-01 08:34:35,28.51,60.44,-0.02,0.67,0,27.92,0.63
2024-01-01 08:34:40,27.95,60.82,-0.56,0.38,0,28.06,0.52
2024-01-01 08:34:45,28.03,61.32,0.08,0.49,0,28.21,0.28
2024-01-01 08:34:50,28.17,63.77,0.14,2.46,0,28.24,0.27
2024-01-01 08:34:55,27.85,63.24,-0.32,-0.53,0,28.1,0.26
2024-01-01 08:35:00,27.54,62.69,-0.31,-0.56,0,27.91,0.24
2024-01-01 08:35:05,27.22,63.87,-0.32,1.19,0,27.76,0.38
2024-01-01 08:35:10,27.93,63.3,0.71,-0.57,0,27.74,0.37
2024-01-01 08:35:15,27.52,63.78,-0.42,0.47,0,27.61,0.29
2024-01-01 08:35:20,27.24,64.41,-0.28,0.63,0,27.49,0.29
2024-01-01 08:35:25,27.34,62.89,0.1,-1.52,0,27.45,0.29
2024-01-01 08:35:30,28.12,64.69,0.77,1.8,0,27.63,0.38
2024-01-01 08:35:35,27.81,64.3,-0.31,-0.39,0,27.61,0.36
2024-01-01 08:35:40,27.95,64.64,0.14,0.33,0,27.69,0.38
2024-01-01 08:35:45,28.28,66.65,0.33,2.01,0,27.9,0.36
2024-01-01 08:35:50,28.2,65.85,-0.09,-0.8,0,28.07,0.19
2024-01-01 08:35:55,27.51,65.12,-0.69,-0.73,0,27.95,0.31
2024-01-01 08:36:00,27.49,66.91,-0.02,1.79,0,27.89,0.37
2024-01-01 08:36:05,27.23,67.13,-0.26,0.22,0,27.74,0.47
2024-01-01 08:36:10,27.22,68.32,-0.01,1.19,0,27.53,0.4
2024-01-01 08:36:15,28.49,67.79,1.26,-0.53,0,27.59,0.52
2024-01-01 08:36:20,28.24,68.84,-0.24,1.04,0,27.73,0.59
2024-01-01 08:36:25,28.58,70.68,0.34,1.85,0,27.95,0.68
2024-01-01 08:36:30,28.87,70.32,0.29,-0.36,0,28.28,0.63
2024-01-01 08:36:35,29.17,71.43,0.3,1.11,0,28.67,0.36
2024-01-01 08:36:40,29.58,71.94,0.41,0.51,0,28.89,0.52
2024-01-01 08:36:45,30.11,73.11,0.53,1.17,0,29.26,0.6
2024-01-01 08:36:50,30.8,73.76,0.69,0.65,0,29.71,0.77
2024-01-01 08:36:55,30.72,73.9,-0.08,0.15,0,30.08,0.71
2024-01-01 08:37:00,31.32,73.09,0.6,-0.82,0,30.51,0.67
2024-01-01 08:37:05,31.51,72.69,0.18,-0.39,0,30.89,0.55
2024-01-01 08:37:10,31.52,73.97,0.01,1.28,0,31.17,0.39
2024-01-01 08:37:15,31.62,74.02,0.1,0.05,0,31.34,0.36
2024-01-01 08:37:20,30.94,74.77,-0.68,0.75,0,31.38,0.27
2024-01-01 08:37:25,31.26,75.0,0.32,0.23,0,31.37,0.27
2024-01-01 08:37:30,31.11,75.0,-0.15,0.0,0,31.29,0.28
2024-01-01 08:37:35,31.23,75.0,0.12,0.0,0,31.23,0.25
2024-01-01 08:37:40,31.18,75.0,-0.05,0.0,0,31.14,0.13
2024-01-01 08:37:45,31.49,75.0,0.3,0.0,0,31.25,0.14
2024-01-01 08:37:50,31.26,75.0,-0.22,0.0,0,31.25,0.14
2024-01-01 08:37:55,31.8,73.97,0.54,-1.03,0,31.39,0.26
2024-01-01 08:38:00,31.87,73.27,0.07,-0.7,0,31.52,0.31
2024-01-01 08:38:05,32.47,71.75,0.6,-1.52,0,31.78,0.46
2024-01-01 08:38:10,32.19,72.13,-0.28,0.38,0,31.92,0.45
2024-01-01 08:38:15,32.97,72.06,0.78,-0.07,0,32.26,0.48
2024-01-01 08:38:20,32.69,73.94,-0.28,1.88,0,32.44,0.43
2024-01-01 08:38:25,31.97,71.74,-0.72,-2.2,0,32.46,0.4
2024-01-01 08:38:30,32.19,71.24,0.22,-0.5,0,32.4,0.41
2024-01-01 08:38:35,31.68,71.95,-0.51,0.71,0,32.3,0.53
2024-01-01 08:38:40,31.8,71.39,0.12,-0.56,0,32.07,0.4
2024-01-01 08:38:45,31.16,72.26,-0.64,0.87,0,31.76,0.39
2024-01-01 08:38:50,31.48,72.16,0.33,-0.1,0,31.66,0.38
2024-01-01 08:38:55,32.41,71.09,0.92,-1.07,0,31.71,0.46
2024-01-01 08:39:00,31.64,70.4,-0.76,-0.69,0,31.7,0.46
2024-01-01 08:39:05,31.62,70.64,-0.02,0.24,0,31.66,0.46
2024-01-01 08:39:10,31.5,70.99,-0.12,0.35,0,31.73,0.39
2024-01-01 08:39:15,30.87,72.44,-0.63,1.44,0,31.61,0.55
2024-01-01 08:39:20,30.83,73.55,-0.04,1.12,0,31.29,0.41
2024-01-01 08:39:25,31.0,74.01,0.17,0.46,0,31.16,0.37
2024-01-01 08:39:30,31.29,74.46,0.28,0.45,0,31.1,0.29
2024-01-01 08:39:35,31.61,75.0,0.32,0.54,0,31.12,0.33
2024-01-01 08:39:40,31.71,75.0,0.1,0.0,0,31.29,0.38
2024-01-01 08:39:45,31.66,75.0,-0.04,0.0,0,31.45,0.3
2024-01-01 08:39:50,31.33,75.0,-0.34,0.0,0,31.52,0.2
2024-01-01 08:39:55,31.31,73.57,-0.02,-1.43,0,31.52,0.19
2024-01-01 08:40:00,42.74,13.04,0.84,-0.52,1,33.75,5.03
2024-01-01 08:40:05,42.29,11.53,-0.45,-1.51,1,35.87,6.07
2024-01-01 08:40:10,41.84,9.59,-0.45,-1.94,1,37.9,6.02
2024-01-01 08:40:15,40.5,10.2,-1.34,0.61,1,39.74,4.78
2024-01-01 08:40:20,41.29,10.54,0.79,0.34,1,41.73,0.87
2024-01-01 08:40:25,40.5,10.5,-0.79,-0.04,1,41.28,0.8
2024-01-01 08:40:30,40.5,9.58,0.0,-0.93,1,40.93,0.61
2024-01-01 08:40:35,42.0,10.28,1.5,0.7,1,40.96,0.68
2024-01-01 08:40:40,41.78,10.3,-0.22,0.02,1,41.21,0.7
2024-01-01 08:40:45,41.99,8.67,0.21,-1.63,1,41.35,0.78
2024-01-01 08:40:50,16.84,34.67,-8.68,-21.64,2,36.62,11.08
2024-01-01 08:40:55,15.0,21.0,-1.84,-13.67,2,31.52,14.26
2024-01-01 08:41:00,15.0,21.0,0.0,0.0,2,26.12,14.41
2024-01-01 08:41:05,15.0,44.4,0.0,23.4,2,20.77,11.89
2024-01-01 08:41:10,15.0,22.39,0.0,-22.02,2,15.37,0.82
2024-01-01 08:41:15,27.0,53.13,12.0,30.74,2,17.4,5.37
2024-01-01 08:41:20,18.33,21.0,-8.67,-32.13,2,18.07,5.2
2024-01-01 08:41:25,27.11,21.0,8.79,0.0,2,20.49,6.15
2024-01-01 08:41:30,39.0,54.13,11.89,33.13,2,25.29,9.33
2024-01-01 08:41:35,26.57,22.0,-12.43,-32.13,2,27.6,7.37
2024-01-01 08:41:40,28.02,63.35,0.66,0.2,0,27.81,7.37
2024-01-01 08:41:45,29.05,62.66,1.04,-0.69,0,29.95,5.15
2024-01-01 08:41:50,29.92,62.85,0.87,0.2,0,30.51,4.91
2024-01-01 08:41:55,29.6,62.37,-0.33,-0.48,0,28.63,1.36
2024-01-01 08:42:00,29.44,62.79,-0.16,0.42,0,29.21,0.73
2024-01-01 08:42:05,29.7,62.22,0.26,-0.57,0,29.54,0.33
2024-01-01 08:42:10,29.69,64.36,-0.01,2.14,0,29.67,0.17
2024-01-01 08:42:15,30.55,64.8,0.86,0.44,0,29.8,0.43
2024-01-01 08:42:20,30.57,64.92,0.02,0.12,0,29.99,0.53
2024-01-01 08:42:25,30.88,63.9,0.31,-1.02,0,30.28,0.55
2024-01-01 08:42:30,30.75,62.23,-0.13,-1.67,0,30.49,0.47
2024-01-01 08:42:35,30.95,62.88,0.2,0.65,0,30.74,0.18
2024-01-01 08:42:40,30.7,64.45,-0.24,1.57,0,30.77,0.15
2024-01-01 08:42:45,30.09,62.99,-0.61,-1.46,0,30.67,0.34
2024-01-01 08:42:50,30.2,64.03,0.11,1.05,0,30.54,0.37
2024-01-01 08:42:55,31.05,63.57,0.84,-0.46,0,30.6,0.43
2024-01-01 08:43:00,31.58,63.53,0.54,-0.04,0,30.72,0.62
2024-01-01 08:43:05,31.5,64.42,-0.09,0.88,0,30.88,0.71
2024-01-01 08:43:10,31.82,62.84,0.33,-1.58,0,31.23,0.64
2024-01-01 08:43:15,32.56,64.22,0.74,1.38,0,31.7,0.55
2024-01-01 08:43:20,32.25,64.62,-0.31,0.4,0,31.94,0.45
2024-01-01 08:43:25,32.5,64.88,0.25,0.26,0,32.13,0.46
2024-01-01 08:43:30,32.22,64.21,-0.28,-0.67,0,32.27,0.29
2024-01-01 08:43:35,32.21,65.38,-0.01,1.17,0,32.35,0.17
2024-01-01 08:43:40,32.48,65.01,0.27,-0.37,0,32.33,0.15
2024-01-01 08:43:45,32.87,62.16,0.39,-2.85,0,32.46,0.27
2024-01-01 08:43:50,33.44,60.42,0.57,-1.74,0,32.64,0.52
2024-01-01 08:43:55,33.26,59.3,-0.18,-1.12,0,32.85,0.52
2024-01-01 08:44:00,32.61,60.46,-0.65,1.16,0,32.93,0.41
2024-01-01 08:44:05,32.38,60.81,-0.23,0.35,0,32.91,0.44
2024-01-01 08:44:10,54.65,43.96,0.08,-1.92,1,37.27,9.73
2024-01-01 08:44:15,55.65,43.22,1.0,-0.74,1,41.71,12.28
2024-01-01 08:44:20,54.09,42.58,-1.56,-0.64,1,45.88,12.23
2024-01-01 08:44:25,55.59,43.85,1.5,1.28,1,50.47,10.13
2024-01-01 08:44:30,55.25,43.33,-0.35,-0.52,1,55.05,0.67
2024-01-01 08:44:35,54.92,46.44,-0.32,3.12,1,55.1,0.64
2024-01-01 08:44:40,55.31,47.09,0.38,0.65,1,55.03,0.58
2024-01-01 08:44:45,56.34,47.45,1.03,0.36,1,55.48,0.54
2024-01-01 08:44:50,56.08,47.15,-0.26,-0.29,1,55.58,0.6
2024-01-01 08:44:55,56.01,47.09,-0.07,-0.06,1,55.73,0.59
2024-01-01 08:45:00,28.49,64.29,0.37,-0.08,0,50.45,12.28
2024-01-01 08:45:05,28.53,62.29,0.04,-2.0,0,45.09,15.14
2024-01-01 08:45:10,28.99,62.63,0.46,0.35,0,39.62,15.0
2024-01-01 08:45:15,29.49,59.74,0.5,-2.9,0,34.3,12.14
2024-01-01 08:45:20,30.53,59.6,1.04,-0.14,0,29.21,0.84
2024-01-01 08:45:25,31.09,58.56,0.55,-1.04,0,29.73,1.06
2024-01-01 08:45:30,31.39,57.5,0.31,-1.05,0,30.3,1.03
2024-01-01 08:45:35,31.08,59.42,-0.31,1.91,0,30.72,0.75
2024-01-01 08:45:40,30.98,59.64,-0.1,0.22,0,31.01,0.31
2024-01-01 08:45:45,31.42,60.13,0.44,0.5,0,31.19,0.2
2024-01-01 08:45:50,31.5,60.5,0.08,0.36,0,31.27,0.23
2024-01-01 08:45:55,32.7,60.44,1.2,-0.06,0,31.54,0.69
2024-01-01 08:46:00,32.8,61.49,0.1,1.05,0,31.88,0.82
2024-01-01 08:46:05,33.35,62.68,0.55,1.19,0,32.35,0.85
2024-01-01 08:46:10,33.67,61.53,0.32,-1.14,0,32.8,0.83
2024-01-01 08:46:15,34.49,60.39,0.82,-1.15,0,33.4,0.73
2024-01-01 08:46:20,34.64,59.63,0.15,-0.75,0,33.79,0.77
2024-01-01 08:46:25,34.61,59.96,-0.03,0.33,0,34.15,0.6
2024-01-01 08:46:30,34.77,60.38,0.16,0.42,0,34.44,0.44
2024-01-01 08:46:35,35.57,60.84,0.81,0.45,0,34.82,0.43
2024-01-01 08:46:40,39.0,87.45,8.73,30.18,2,35.72,1.88
2024-01-01 08:46:45,39.0,95.0,0.0,7.55,2,36.59,2.23
2024-01-01 08:46:50,39.0,68.18,0.0,-26.82,2,37.47,2.12
2024-01-01 08:46:55,26.0,45.94,-13.0,-22.24,2,35.71,5.63
2024-01-01 08:47:00,37.5,66.52,11.49,20.58,2,36.1,5.68
2024-01-01 08:47:05,27.21,40.71,-10.29,-25.81,2,33.74,6.56
2024-01-01 08:47:10,16.53,21.0,-10.68,-19.71,2,29.25,9.21
2024-01-01 08:47:15,27.17,21.0,10.64,0.0,2,26.88,7.43
2024-01-01 08:47:20,36.98,21.0,9.81,0.0,2,29.08,8.63
2024-01-01 08:47:25,39.0,42.56,2.02,21.56,2,29.38,9.01
2024-01-01 08:47:30,28.07,63.93,-0.34,2.25,0,29.55,8.97
2024-01-01 08:47:35,28.56,63.61,0.49,-0.32,0,31.96,5.58
2024-01-01 08:47:40,27.31,65.9,-1.25,2.29,0,31.98,5.55
2024-01-01 08:47:45,26.62,64.26,-0.69,-1.65,0,29.91,5.13
2024-01-01 08:47:50,27.13,66.7,0.51,2.44,0,27.54,0.77
2024-01-01 08:47:55,27.82,67.26,0.69,0.56,0,27.49,0.74
2024-01-01 08:48:00,28.12,68.11,0.3,0.85,0,27.4,0.59
2024-01-01 08:48:05,28.5,68.39,0.38,0.28,0,27.64,0.76
2024-01-01 08:48:10,28.55,68.33,0.05,-0.06,0,28.02,0.58
2024-01-01 08:48:15,28.17,68.05,-0.38,-0.28,0,28.23,0.3
2024-01-01 08:48:20,27.33,67.95,-0.85,-0.1,0,28.13,0.49
2024-01-01 08:48:25,26.83,66.85,-0.49,-1.1,0,27.88,0.76
2024-01-01 08:48:30,26.92,68.24,0.09,1.39,0,27.56,0.77
2024-01-01 08:48:35,27.38,66.67,0.46,-1.57,0,27.33,0.53
2024-01-01 08:48:40,26.89,67.61,-0.49,0.94,0,27.07,0.26
2024-01-01 08:48:45,26.39,67.39,-0.49,-0.22,0,26.88,0.35
2024-01-01 08:48:50,26.67,66.42,0.28,-0.97,0,26.85,0.36
2024-01-01 08:48:55,26.72,65.08,0.05,-1.33,0,26.81,0.37
2024-01-01 08:49:00,26.42,65.4,-0.3,0.32,0,26.62,0.21
2024-01-01 08:49:05,25.62,65.84,-0.8,0.44,0,26.36,0.44
2024-01-01 08:49:10,17.84,30.23,-12.93,-28.48,2,24.65,3.83
2024-01-01 08:49:15,26.58,21.0,8.74,-9.23,2,24.64,3.82
2024-01-01 08:49:20,15.0,21.0,-11.58,0.0,2,22.29,5.47
2024-01-01 08:49:25,15.0,21.0,0.0,0.0,2,20.01,5.69
2024-01-01 08:49:30,15.0,44.57,0.0,23.57,2,17.88,5.01
2024-01-01 08:49:35,26.86,71.03,11.86,26.46,2,19.69,6.42
2024-01-01 08:49:40,15.0,95.0,-11.86,23.97,2,17.37,5.3
2024-01-01 08:49:45,15.0,71.07,0.0,-23.93,2,17.37,5.3
2024-01-01 08:49:50,27.79,46.58,12.79,-24.48,2,19.93,6.76
2024-01-01 08:49:55,39.0,73.22,11.21,26.64,2,24.73,10.09
2024-01-01 08:50:00,28.25,58.1,-0.42,2.15,0,25.01,10.18
2024-01-01 08:50:05,27.66,58.41,-0.59,0.31,0,27.54,8.5
2024-01-01 08:50:10,27.98,58.82,0.32,0.41,0,30.14,4.96
2024-01-01 08:50:15,27.88,58.69,-0.09,-0.13,0,30.15,4.95
2024-01-01 08:50:20,27.9,58.55,0.02,-0.15,0,27.93,0.21
2024-01-01 08:50:25,28.39,60.76,0.48,2.21,0,27.96,0.27
2024-01-01 08:50:30,28.11,59.39,-0.28,-1.37,0,28.05,0.21
2024-01-01 08:50:35,28.06,61.97,-0.04,2.58,0,28.07,0.21
2024-01-01 08:50:40,27.66,63.61,-0.4,1.64,0,28.02,0.27
2024-01-01 08:50:45,28.5,63.05,0.84,-0.55,0,28.14,0.33
2024-01-01 08:50:50,28.79,64.68,0.28,1.63,0,28.22,0.43
2024-01-01 08:50:55,28.6,64.48,-0.19,-0.2,0,28.32,0.46
2024-01-01 08:51:00,28.31,63.46,-0.29,-1.01,0,28.37,0.43
2024-01-01 08:51:05,27.98,62.24,-0.32,-1.22,0,28.44,0.31
2024-01-01 08:51:10,28.0,61.47,0.02,-0.77,0,28.34,0.36
2024-01-01 08:51:15,28.11,59.91,0.12,-1.56,0,28.2,0.26
2024-01-01 08:51:20,28.28,60.75,0.17,0.83,0,28.14,0.15
2024-01-01 08:51:25,27.28,61.12,-1.0,0.37,0,27.93,0.38
2024-01-01 08:51:30,27.9,59.91,0.61,-1.21,0,27.91,0.38
2024-01-01 08:51:35,28.73,60.33,0.84,0.42,0,28.06,0.53
2024-01-01 08:51:40,28.38,60.27,-0.35,-0.06,0,28.11,0.55
2024-01-01 08:51:45,28.66,60.35,0.28,0.08,0,28.19,0.6
2024-01-01 08:51:50,28.93,59.43,0.27,-0.92,0,28.52,0.4
2024-01-01 08:51:55,29.01,58.02,0.08,-1.41,0,28.74,0.25
2024-01-01 08:52:00,28.96,57.11,-0.06,-0.9,0,28.79,0.27
2024-01-01 08:52:05,28.59,58.35,-0.37,1.24,0,28.83,0.19
2024-01-01 08:52:10,29.14,58.96,0.55,0.61,0,28.93,0.2
2024-01-01 08:52:15,28.59,58.64,-0.55,-0.32,0,28.86,0.25
2024-01-01 08:52:20,29.2,58.78,0.61,0.14,0,28.9,0.29
2024-01-01 08:52:25,30.36,59.18,1.16,0.39,0,29.18,0.72
2024-01-01 08:52:30,30.45,58.87,0.1,-0.31,0,29.55,0.82
2024-01-01 08:52:35,30.52,58.71,0.07,-0.15,0,29.82,0.88
2024-01-01 08:52:40,30.87,59.67,0.35,0.96,0,30.28,0.63
2024-01-01 08:52:45,30.48,58.34,-0.39,-1.33,0,30.54,0.2
2024-01-01 08:52:50,29.56,58.85,-0.92,0.51,0,30.38,0.49
2024-01-01 08:52:55,29.01,56.7,-0.55,-2.15,0,30.09,0.77
2024-01-01 08:53:00,29.2,59.19,0.19,2.49,0,29.82,0.81
2024-01-01 08:53:05,29.2,60.03,-0.0,0.84,0,29.49,0.59
2024-01-01 08:53:10,29.24,59.93,0.04,-0.1,0,29.24,0.2
2024-01-01 08:53:15,29.7,59.64,0.46,-0.29,0,29.27,0.26
2024-01-01 08:53:20,29.84,59.96,0.13,0.32,0,29.44,0.31
2024-01-01 08:53:25,29.5,60.95,-0.33,0.99,0,29.5,0.28
2024-01-01 08:53:30,29.41,60.2,-0.09,-0.76,0,29.54,0.24
2024-01-01 08:53:35,29.68,59.3,0.27,-0.9,0,29.63,0.17
2024-01-01 08:53:40,29.7,59.29,0.01,-0.01,0,29.63,0.17
2024-01-01 08:53:45,30.24,59.76,0.54,0.47,0,29.71,0.32
2024-01-01 08:53:50,30.23,60.58,-0.01,0.82,0,29.85,0.37
2024-01-01 08:53:55,30.92,61.14,0.7,0.56,0,30.15,0.51
2024-01-01 08:54:00,30.93,59.83,0.01,-1.31,0,30.4,0.52
2024-01-01 08:54:05,30.39,59.52,-0.53,-0.31,0,30.54,0.36
2024-01-01 08:54:10,30.09,59.33,-0.3,-0.19,0,30.51,0.39
2024-01-01 08:54:15,30.12,59.86,0.03,0.53,0,30.49,0.41
2024-01-01 08:54:20,30.08,60.35,-0.04,0.49,0,30.32,0.36
2024-01-01 08:54:25,30.12,58.37,0.03,-1.98,0,30.16,0.13
2024-01-01 08:54:30,29.65,58.23,-0.47,-0.14,0,30.01,0.2
2024-01-01 08:54:35,29.04,58.83,-0.6,0.6,0,29.8,0.47
2024-01-01 08:54:40,29.81,60.05,0.77,1.22,0,29.74,0.44
2024-01-01 08:54:45,29.7,61.54,-0.11,1.49,0,29.66,0.39
2024-01-01 08:54:50,29.77,61.2,0.07,-0.34,0,29.59,0.32
2024-01-01 08:54:55,29.47,60.9,-0.31,-0.3,0,29.56,0.32
2024-01-01 08:55:00,29.27,61.07,-0.19,0.17,0,29.6,0.23
2024-01-01 08:55:05,29.35,61.07,0.08,0.0,0,29.51,0.22
2024-01-01 08:55:10,29.57,62.26,0.22,1.19,0,29.49,0.2
2024-01-01 08:55:15,30.05,60.78,0.47,-1.48,0,29.54,0.31
2024-01-01 08:55:20,28.77,61.71,-1.28,0.93,0,29.4,0.47
2024-01-01 08:55:25,28.09,61.49,-0.68,-0.22,0,29.17,0.76
2024-01-01 08:55:30,27.5,59.69,-0.59,-1.8,0,28.8,1.04
2024-01-01 08:55:35,27.77,60.45,0.27,0.76,0,28.44,1.02
2024-01-01 08:55:40,27.48,57.86,-0.29,-2.59,0,27.92,0.53
2024-01-01 08:55:45,27.21,58.25,-0.27,0.39,0,27.61,0.33
2024-01-01 08:55:50,26.47,58.43,-0.74,0.18,0,27.29,0.5
2024-01-01 08:55:55,26.46,59.01,-0.01,0.58,0,27.08,0.59
2024-01-01 08:56:00,26.52,58.04,0.06,-0.97,0,26.83,0.48
2024-01-01 08:56:05,27.12,57.88,0.6,-0.16,0,26.76,0.38
2024-01-01 08:56:10,27.11,56.95,-0.01,-0.93,0,26.74,0.35
2024-01-01 08:56:15,26.89,56.06,-0.22,-0.88,0,26.82,0.32
2024-01-01 08:56:20,26.8,57.77,-0.09,1.71,0,26.89,0.25
2024-01-01 08:56:25,26.11,56.16,-0.69,-1.61,0,26.81,0.41
2024-01-01 08:56:30,26.85,55.95,0.74,-0.21,0,26.75,0.38
2024-01-01 08:56:35,26.51,56.99,-0.33,1.04,0,26.63,0.33
2024-01-01 08:56:40,26.21,58.82,-0.3,1.83,0,26.5,0.33
2024-01-01 08:56:45,26.55,58.33,0.34,-0.49,0,26.45,0.29
2024-01-01 08:56:50,27.63,57.72,1.08,-0.61,0,26.75,0.54
2024-01-01 08:56:55,28.0,58.02,0.37,0.3,0,26.98,0.78
2024-01-01 08:57:00,28.65,59.58,0.65,1.56,0,27.41,1.01
2024-01-01 08:57:05,28.67,58.83,0.02,-0.75,0,27.9,0.87
2024-01-01 08:57:10,28.9,58.15,0.23,-0.68,0,28.37,0.53
2024-01-01 08:57:15,29.9,58.29,1.01,0.14,0,28.82,0.69
2024-01-01 08:57:20,29.72,58.47,-0.18,0.18,0,29.17,0.6
2024-01-01 08:57:25,29.05,57.5,-0.67,-0.97,0,29.25,0.53
2024-01-01 08:57:30,29.65,56.84,0.6,-0.66,0,29.44,0.44
2024-01-01 08:57:35,29.12,57.38,-0.52,0.54,0,29.49,0.38
2024-01-01 08:57:40,29.72,58.1,0.59,0.72,0,29.45,0.34
2024-01-01 08:57:45,30.22,57.34,0.5,-0.76,0,29.55,0.48
2024-01-01 08:57:50,29.5,58.84,-0.71,1.5,0,29.64,0.4
2024-01-01 08:57:55,29.34,58.59,-0.16,-0.25,0,29.58,0.42
2024-01-01 08:58:00,30.01,59.15,0.66,0.56,0,29.76,0.36
2024-01-01 08:58:05,30.24,61.31,0.23,2.17,0,29.86,0.42
2024-01-01 08:58:10,29.91,62.24,-0.32,0.93,0,29.8,0.37
2024-01-01 08:58:15,29.94,62.51,0.03,0.27,0,29.89,0.33
2024-01-01 08:58:20,30.71,63.02,0.76,0.51,0,30.16,0.33
2024-01-01 08:58:25,30.98,64.09,0.27,1.07,0,30.36,0.47
2024-01-01 08:58:30,30.79,63.25,-0.18,-0.84,0,30.47,0.5
2024-01-01 08:58:35,30.27,61.29,-0.52,-1.97,0,30.54,0.42
2024-01-01 08:58:40,31.3,60.18,1.03,-1.1,0,30.81,0.38
2024-01-01 08:58:45,31.19,59.91,-0.11,-0.28,0,30.91,0.41
2024-01-01 08:58:50,31.34,60.72,0.15,0.82,0,30.98,0.45
2024-01-01 08:58:55,31.77,60.14,0.43,-0.58,0,31.17,0.55
2024-01-01 08:59:00,31.69,60.42,-0.08,0.28,0,31.46,0.26
2024-01-01 08:59:05,31.56,62.03,-0.12,1.61,0,31.51,0.24
2024-01-01 08:59:10,31.81,62.76,0.25,0.73,0,31.63,0.19
2024-01-01 08:59:15,32.14,63.94,0.33,1.17,0,31.79,0.22
2024-01-01 08:59:20,32.23,62.64,0.09,-1.3,0,31.89,0.29
2024-01-01 08:59:25,32.43,61.99,0.2,-0.65,0,32.03,0.35
2024-01-01 08:59:30,32.17,62.57,-0.26,0.59,0,32.16,0.22
2024-01-01 08:59:35,32.79,62.6,0.62,0.02,0,32.35,0.27
2024-01-01 08:59:40,32.94,64.3,0.15,1.7,0,32.51,0.34
2024-01-01 08:59:45,33.06,66.9,0.12,2.6,0,32.68,0.37
2024-01-01 08:59:50,33.34,65.14,0.28,-1.76,0,32.86,0.44
2024-01-01 08:59:55,33.72,65.52,0.38,0.38,0,33.17,0.37
2024-01-01 09:00:00,34.37,66.19,0.64,0.67,0,33.49,0.58
2024-01-01 09:00:05,34.3,64.97,-0.07,-1.22,0,33.76,0.58
2024-01-01 09:00:10,34.19,64.12,-0.1,-0.85,0,33.98,0.44
2024-01-01 09:00:15,33.9,64.71,-0.29,0.59,0,34.1,0.28
2024-01-01 09:00:20,34.74,65.1,0.83,0.39,0,34.3,0.3
2024-01-01 09:00:25,34.14,65.55,-0.6,0.44,0,34.25,0.31
2024-01-01 09:00:30,34.74,64.94,0.6,-0.61,0,34.34,0.38
2024-01-01 09:00:35,34.67,64.95,-0.07,0.01,0,34.44,0.39
2024-01-01 09:00:40,34.28,65.6,-0.39,0.65,0,34.51,0.28
2024-01-01 09:00:45,34.22,66.02,-0.06,0.42,0,34.41,0.27
2024-01-01 09:00:50,33.77,65.58,-0.44,-0.44,0,34.34,0.39
2024-01-01 09:00:55,34.13,65.21,0.36,-0.37,0,34.21,0.32
2024-01-01 09:01:00,35.0,64.81,0.86,-0.4,0,34.28,0.45
2024-01-01 09:01:05,35.11,65.74,0.11,0.93,0,34.45,0.58
2024-01-01 09:01:10,34.4,63.98,-0.71,-1.76,0,34.48,0.57
2024-01-01 09:01:15,33.64,65.24,-0.76,1.26,0,34.46,0.61
2024-01-01 09:01:20,33.36,67.8,-0.28,2.56,0,34.3,0.79
2024-01-01 09:01:25,33.08,67.99,-0.28,0.18,0,33.92,0.83
2024-01-01 09:01:30,33.85,69.99,0.77,2.01,0,33.67,0.5
2024-01-01 09:01:35,34.88,71.2,1.03,1.21,0,33.76,0.69
2024-01-01 09:01:40,35.39,71.79,0.51,0.59,0,34.11,0.99
2024-01-01 09:01:45,35.78,71.24,0.39,-0.55,0,34.6,1.11
2024-01-01 09:01:50,35.37,71.24,-0.41,-0.0,0,35.05,0.74
2024-01-01 09:01:55,35.29,70.79,-0.09,-0.45,0,35.34,0.32
2024-01-01 09:02:00,35.64,71.74,0.35,0.96,0,35.49,0.21
2024-01-01 09:02:05,35.68,73.22,0.04,1.48,0,35.55,0.21
2024-01-01 09:02:10,35.11,73.02,-0.57,-0.19,0,35.42,0.24
2024-01-01 09:02:15,34.75,71.16,-0.36,-1.87,0,35.29,0.39
2024-01-01 09:02:20,34.71,71.04,-0.04,-0.12,0,35.18,0.47
2024-01-01 09:02:25,35.47,71.67,0.76,0.63,0,35.14,0.43
2024-01-01 09:02:30,35.47,19.5,-0.51,1.37,1,35.1,0.37
2024-01-01 09:02:35,36.08,19.5,0.61,0.0,1,35.3,0.57
2024-01-01 09:02:40,35.97,18.73,-0.11,-0.77,1,35.54,0.54
2024-01-01 09:02:45,35.78,19.5,-0.19,0.77,1,35.75,0.28
2024-01-01 09:02:50,36.72,19.5,0.94,0.0,1,36.0,0.46
2024-01-01 09:02:55,36.48,18.6,-0.24,-0.9,1,36.21,0.38
2024-01-01 09:03:00,36.55,17.19,0.07,-1.41,1,36.3,0.4
2024-01-01 09:03:05,36.71,17.07,0.16,-0.12,1,36.45,0.39
2024-01-01 09:03:10,36.48,15.8,-0.23,-1.28,1,36.59,0.12
2024-01-01 09:03:15,36.73,15.37,0.26,-0.43,1,36.59,0.12
2024-01-01 09:03:20,36.98,80.36,9.23,21.67,2,36.69,0.19
2024-01-01 09:03:25,39.0,52.66,2.02,-27.7,2,37.18,1.03
2024-01-01 09:03:30,28.1,83.74,-10.9,31.08,2,35.46,4.23
2024-01-01 09:03:35,15.39,60.94,-12.71,-22.8,2,31.24,9.8
2024-01-01 09:03:40,15.0,83.4,-0.39,22.46,2,26.89,11.44
2024-01-01 09:03:45,15.0,53.37,0.0,-30.03,2,22.5,10.8
2024-01-01 09:03:50,28.76,31.87,13.76,-21.5,2,20.45,7.29
2024-01-01 09:03:55,19.95,21.0,-8.81,-10.87,2,18.82,5.94
2024-01-01 09:04:00,15.0,21.0,-4.95,0.0,2,18.74,6.0
2024-01-01 09:04:05,15.0,21.0,0.0,0.0,2,18.74,6.0
2024-01-01 09:04:10,25.0,21.0,10.0,0.0,2,20.74,6.1
2024-01-01 09:04:15,15.0,21.0,-10.0,0.0,2,17.99,4.47
2024-01-01 09:04:20,15.0,48.57,0.0,27.57,2,17.0,4.47
2024-01-01 09:04:25,23.68,69.98,8.68,21.41,2,18.74,5.14
2024-01-01 09:04:30,15.0,92.5,-8.68,22.52,2,18.74,5.14
2024-01-01 09:04:35,15.0,95.0,0.0,2.5,2,16.74,3.88
2024-01-01 09:04:40,25.41,61.45,10.41,-33.55,2,18.82,5.26
2024-01-01 09:04:45,34.03,91.58,8.62,30.12,2,22.62,7.99
2024-01-01 09:04:50,39.0,62.95,4.97,-28.62,2,25.69,10.9
2024-01-01 09:04:55,25.35,84.21,-13.65,21.26,2,27.76,9.22
2024-01-01 09:05:00,47.66,8.38,0.79,-1.0,1,34.29,9.48
2024-01-01 09:05:05,47.95,7.29,0.29,-1.09,1,38.8,9.56
2024-01-01 09:05:10,48.42,7.26,0.47,-0.03,1,41.68,9.93
2024-01-01 09:05:15,46.8,8.2,-1.62,0.93,1,43.24,10.02
2024-01-01 09:05:20,46.07,7.55,-0.73,-0.65,1,47.38,0.94
2024-01-01 09:05:25,46.27,8.47,0.2,0.92,1,47.1,1.04
2024-01-01 09:05:30,45.25,8.52,-1.02,0.05,1,46.56,1.18
2024-01-01 09:05:35,45.68,9.07,0.43,0.55,1,46.01,0.59
2024-01-01 09:05:40,45.86,8.78,0.18,-0.29,1,45.83,0.39
2024-01-01 09:05:45,45.03,8.85,-0.83,0.07,1,45.62,0.49
2024-01-01 09:05:50,28.05,60.75,0.22,0.9,0,41.97,7.79
2024-01-01 09:05:55,26.87,59.74,-1.18,-1.01,0,38.3,9.91
2024-01-01 09:06:00,27.18,61.8,0.31,2.06,0,34.6,9.92
2024-01-01 09:06:05,27.19,61.07,0.01,-0.73,0,30.86,7.93
2024-01-01 09:06:10,27.1,62.45,-0.09,1.37,0,27.28,0.45
2024-01-01 09:06:15,26.78,61.65,-0.32,-0.8,0,27.02,0.19
2024-01-01 09:06:20,26.53,60.69,-0.24,-0.95,0,26.96,0.29
2024-01-01 09:06:25,26.6,62.32,0.06,1.62,0,26.84,0.29
2024-01-01 09:06:30,26.76,62.07,0.16,-0.25,0,26.75,0.22
2024-01-01 09:06:35,26.61,60.5,-0.15,-1.56,0,26.66,0.11
2024-01-01 09:06:40,55.67,15.97,0.88,-0.06,1,32.43,12.99
2024-01-01 09:06:45,55.49,18.53,-0.18,2.55,1,38.23,15.84
2024-01-01 09:06:50,55.79,17.93,0.3,-0.6,1,44.06,15.87
2024-01-01 09:06:55,55.36,18.85,-0.43,0.92,1,49.78,12.96
2024-01-01 09:07:00,55.48,17.7,0.11,-1.15,1,55.56,0.17
2024-01-01 09:07:05,56.4,17.16,0.92,-0.53,1,55.7,0.42
2024-01-01 09:07:10,58.27,18.02,1.87,0.86,1,56.26,1.19
2024-01-01 09:07:15,57.82,19.05,-0.45,1.02,1,56.67,1.33
2024-01-01 09:07:20,57.89,19.5,0.07,0.45,1,57.17,1.18
2024-01-01 09:07:25,58.38,18.82,0.48,-0.68,1,57.75,0.79
2024-01-01 09:07:30,29.01,57.76,-0.17,-0.4,0,52.27,13.01
2024-01-01 09:07:35,28.53,58.19,-0.48,0.42,0,46.33,16.03
2024-01-01 09:07:40,29.56,57.12,1.03,-1.07,0,40.67,15.94
2024-01-01 09:07:45,29.57,58.53,0.01,1.41,0,35.01,13.07
2024-01-01 09:07:50,29.53,58.98,-0.04,0.45,0,29.24,0.46
2024-01-01 09:07:55,29.0,59.41,-0.53,0.43,0,29.24,0.46
2024-01-01 09:08:00,28.91,60.4,-0.09,0.99,0,29.31,0.33
2024-01-01 09:08:05,29.5,62.99,0.59,2.59,0,29.3,0.32
2024-01-01 09:08:10,29.79,63.31,0.29,0.33,0,29.35,0.38
2024-01-01 09:08:15,29.89,62.96,0.1,-0.35,0,29.42,0.45
2024-01-01 09:08:20,15.0,37.11,-11.12,-28.34,2,26.62,6.51
2024-01-01 09:08:25,15.0,62.16,0.0,25.06,2,23.84,8.07
2024-01-01 09:08:30,15.0,94.58,0.0,32.41,2,20.94,8.13
2024-01-01 09:08:35,15.0,68.89,0.0,-25.69,2,17.98,6.66
2024-01-01 09:08:40,26.22,95.0,11.22,26.11,2,17.24,5.02
2024-01-01 09:08:45,15.87,95.0,-10.34,0.0,2,17.42,4.93
2024-01-01 09:08:50,28.29,62.52,12.42,-32.48,2,20.08,6.6
2024-01-01 09:08:55,37.34,38.55,9.05,-23.98,2,24.54,9.31
2024-01-01 09:09:00,28.06,64.09,-9.28,25.55,2,27.16,7.65
2024-01-01 09:09:05,17.09,32.73,-10.98,-31.36,2,25.33,8.91
2024-01-01 09:09:10,29.1,60.78,0.5,-0.43,0,27.98,7.2
2024-01-01 09:09:15,29.31,60.75,0.2,-0.02,0,28.18,7.23
2024-01-01 09:09:20,28.85,61.08,-0.45,0.32,0,26.48,5.27
2024-01-01 09:09:25,28.26,62.27,-0.59,1.19,0,26.52,5.29
2024-01-01 09:09:30,28.03,62.47,-0.23,0.2,0,28.71,0.55
2024-01-01 09:09:35,28.17,62.21,0.14,-0.26,0,28.52,0.54
2024-01-01 09:09:40,28.47,61.73,0.29,-0.47,0,28.36,0.32
2024-01-01 09:09:45,28.9,60.39,0.44,-1.35,0,28.37,0.34
2024-01-01 09:09:50,28.97,62.33,0.06,1.94,0,28.51,0.42
2024-01-01 09:09:55,28.47,61.65,-0.5,-0.68,0,28.6,0.33
2024-01-01 09:10:00,28.72,61.83,0.26,0.18,0,28.71,0.23
2024-01-01 09:10:05,28.9,62.32,0.18,0.49,0,28.79,0.2
2024-01-01 09:10:10,29.22,63.43,0.32,1.11,0,28.86,0.28
2024-01-01 09:10:15,29.42,63.19,0.2,-0.24,0,28.95,0.38
2024-01-01 09:10:20,29.76,65.09,0.34,1.9,0,29.2,0.41
2024-01-01 09:10:25,29.69,64.11,-0.07,-0.97,0,29.4,0.35
2024-01-01 09:10:30,30.24,63.99,0.55,-0.12,0,29.67,0.39
2024-01-01 09:10:35,29.16,64.84,-1.09,0.85,0,29.65,0.4
2024-01-01 09:10:40,28.89,64.75,-0.27,-0.09,0,29.55,0.53
2024-01-01 09:10:45,29.06,64.94,0.17,0.19,0,29.41,0.55
2024-01-01 09:10:50,16.57,95.0,-10.11,29.55,2,26.78,5.73
2024-01-01 09:10:55,29.22,62.83,12.65,-32.17,2,26.58,5.6
2024-01-01 09:11:00,37.82,28.37,8.6,-34.46,2,28.31,7.58
2024-01-01 09:11:05,39.0,53.29,1.18,24.92,2,30.33,8.99
2024-01-01 09:11:10,39.0,28.7,0.0,-24.58,2,32.32,9.71
2024-01-01 09:11:15,25.7,50.84,-13.3,22.13,2,34.15,6.25
2024-01-01 09:11:20,38.07,22.5,12.37,-28.34,2,35.92,5.74
2024-01-01 09:11:25,29.04,46.5,-9.03,24.01,2,34.16,6.32
2024-01-01 09:11:30,20.47,73.8,-8.57,27.3,2,30.46,7.99
2024-01-01 09:11:35,15.0,95.0,-5.47,21.2,2,25.66,8.75
2024-01-01 09:11:40,25.13,70.15,10.13,-24.85,2,25.54,8.75
2024-01-01 09:11:45,15.0,48.95,-10.13,-21.2,2,20.93,6.2
2024-01-01 09:11:50,15.0,21.0,0.0,-27.95,2,18.12,4.58
2024-01-01 09:11:55,27.17,21.0,12.17,0.0,2,19.46,6.15
2024-01-01 09:12:00,39.0,21.0,11.83,0.0,2,24.26,9.97
2024-01-01 09:12:05,30.07,44.97,-8.93,23.97,2,25.25,10.32
2024-01-01 09:12:10,39.0,23.97,8.93,-21.0,2,30.05,9.94
2024-01-01 09:12:15,39.0,21.0,0.0,-2.97,2,34.85,5.78
2024-01-01 09:12:20,25.79,21.0,-13.21,0.0,2,34.57,6.25
2024-01-01 09:12:25,34.64,53.55,8.85,32.55,2,33.7,5.76
2024-01-01 09:12:30,28.88,56.65,0.49,0.5,0,33.46,5.97
2024-01-01 09:12:35,28.98,57.65,0.09,1.0,0,31.46,5.29
2024-01-01 09:12:40,27.63,58.33,-1.35,0.68,0,29.18,3.31
2024-01-01 09:12:45,27.3,56.5,-0.33,-1.83,0,29.49,2.98
2024-01-01 09:12:50,27.56,57.87,0.26,1.37,0,28.07,0.8
2024-01-01 09:12:55,27.49,58.83,-0.07,0.95,0,27.79,0.68
2024-01-01 09:13:00,28.29,60.14,0.81,1.31,0,27.65,0.38
2024-01-01 09:13:05,29.11,60.88,0.82,0.74,0,27.95,0.75
2024-01-01 09:13:10,29.15,59.28,0.04,-1.6,0,28.32,0.8
2024-01-01 09:13:15,29.03,58.44,-0.12,-0.84,0,28.61,0.72
2024-01-01 09:13:20,15.0,32.53,-12.93,-29.21,2,26.12,6.22
2024-01-01 09:13:25,15.0,21.0,0.0,-11.53,2,23.46,7.72
2024-01-01 09:13:30,26.99,21.0,11.99,0.0,2,23.03,7.38
2024-01-01 09:13:35,17.09,46.75,-9.9,25.75,2,20.62,6.84
2024-01-01 09:13:40,28.19,25.58,11.1,-21.16,2,20.45,6.58
2024-01-01 09:13:45,37.46,21.0,9.27,-4.58,2,24.95,9.11
2024-01-01 09:13:50,23.61,46.3,-13.84,25.3,2,26.67,7.42
2024-01-01 09:13:55,15.0,69.65,-8.61,23.34,2,24.27,9.05
2024-01-01 09:14:00,15.0,45.08,0.0,-24.57,2,23.85,9.5
2024-01-01 09:14:05,24.64,73.07,9.64,27.99,2,23.14,9.22
2024-01-01 09:14:10,25.87,54.32,-0.15,-0.75,0,20.82,5.38
2024-01-01 09:14:15,26.03,55.66,0.16,1.34,0,21.31,5.78
2024-01-01 09:14:20,25.09,55.78,-0.94,0.12,0,23.33,4.69
2024-01-01 09:14:25,25.01,56.45,-0.08,0.67,0,25.33,0.6
2024-01-01 09:14:30,25.12,55.7,0.11,-0.75,0,25.42,0.49
2024-01-01 09:14:35,24.96,54.9,-0.16,-0.8,0,25.24,0.45
2024-01-01 09:14:40,25.49,54.92,0.54,0.02,0,25.13,0.21
2024-01-01 09:14:45,26.45,54.86,0.95,-0.06,0,25.41,0.62
2024-01-01 09:14:50,26.09,53.35,-0.35,-1.51,0,25.62,0.63
2024-01-01 09:14:55,25.19,51.77,-0.9,-1.58,0,25.64,0.62
2024-01-01 09:15:00,39.0,37.87,8.55,-24.99,2,28.44,5.92
2024-01-01 09:15:05,25.97,21.0,-13.03,-16.87,2,28.54,5.87
2024-01-01 09:15:10,15.0,41.52,-10.97,20.52,2,26.25,8.52
2024-01-01 09:15:15,27.0,62.76,12.0,21.24,2,26.43,8.53
2024-01-01 09:15:20,17.08,84.13,-9.92,21.36,2,24.81,9.53
2024-01-01 09:15:25,28.9,95.0,11.82,10.87,2,22.79,6.29
2024-01-01 09:15:30,38.03,68.93,9.13,-26.07,2,25.2,9.37
2024-01-01 09:15:35,27.02,94.79,-11.01,25.85,2,27.61,7.45
2024-01-01 09:15:40,17.86,95.0,-9.17,0.21,2,25.78,8.66
2024-01-01 09:15:45,15.0,73.47,-2.86,-21.53,2,25.36,9.21
2024-01-01 09:15:50,42.29,10.97,0.17,0.35,1,28.04,12.02
2024-01-01 09:15:55,41.2,12.09,-1.09,1.13,1,28.67,12.74
2024-01-01 09:16:00,41.1,12.11,-0.1,0.02,1,31.49,13.79
2024-01-01 09:16:05,41.81,12.3,0.71,0.19,1,36.28,11.91
2024-01-01 09:16:10,42.76,12.53,0.95,0.23,1,41.83,0.71
2024-01-01 09:16:15,42.15,12.81,-0.61,0.29,1,41.8,0.69
2024-01-01 09:16:20,41.01,12.9,-1.14,0.09,1,41.77,0.73
2024-01-01 09:16:25,40.97,12.74,-0.03,-0.17,1,41.74,0.76
2024-01-01 09:16:30,40.85,11.23,-0.13,-1.51,1,41.55,0.86
2024-01-01 09:16:35,40.5,11.3,-0.35,0.07,1,41.1,0.62
2024-01-01 09:16:40,27.12,59.72,0.63,-0.87,0,38.09,6.14
2024-01-01 09:16:45,27.61,60.15,0.48,0.43,0,35.41,7.35
2024-01-01 09:16:50,27.29,61.92,-0.32,1.78,0,32.67,7.31
2024-01-01 09:16:55,26.69,62.84,-0.6,0.92,0,29.84,5.97
2024-01-01 09:17:00,27.19,62.17,0.5,-0.67,0,27.18,0.33
2024-01-01 09:17:05,27.89,61.92,0.7,-0.25,0,27.33,0.45
2024-01-01 09:17:10,28.03,62.18,0.14,0.26,0,27.42,0.55
2024-01-01 09:17:15,27.96,62.99,-0.07,0.81,0,27.55,0.59
2024-01-01 09:17:20,28.36,61.24,0.4,-1.75,0,27.89,0.43
2024-01-01 09:17:25,29.01,59.58,0.65,-1.66,0,28.25,0.46
2024-01-01 09:17:30,31.92,14.62,-0.55,-0.33,1,29.06,1.65
2024-01-01 09:17:35,31.37,14.45,-0.55,-0.17,1,29.72,1.8
2024-01-01 09:17:40,31.21,15.07,-0.15,0.62,1,30.37,1.58
2024-01-01 09:17:45,31.87,16.19,0.66,1.12,1,31.08,1.2
2024-01-01 09:17:50,31.59,16.02,-0.28,-0.17,1,31.59,0.31
2024-01-01 09:17:55,30.75,15.38,-0.84,-0.64,1,31.36,0.42
2024-01-01 09:18:00,31.23,16.67,0.48,1.29,1,31.33,0.42
2024-01-01 09:18:05,30.61,16.2,-0.62,-0.47,1,31.21,0.54
2024-01-01 09:18:10,30.6,16.42,-0.01,0.22,1,30.96,0.44
2024-01-01 09:18:15,30.19,16.76,-0.4,0.34,1,30.68,0.37
2024-01-01 09:18:20,28.22,55.28,0.27,0.01,0,30.17,1.15
2024-01-01 09:18:25,28.0,55.17,-0.22,-0.11,0,29.52,1.3
2024-01-01 09:18:30,27.95,54.8,-0.04,-0.37,0,28.99,1.29
2024-01-01 09:18:35,27.82,56.4,-0.13,1.6,0,28.44,0.99
2024-01-01 09:18:40,28.1,56.11,0.28,-0.3,0,28.02,0.15
2024-01-01 09:18:45,28.45,55.77,0.35,-0.33,0,28.06,0.24
2024-01-01 09:18:50,29.04,56.14,0.59,0.37,0,28.27,0.49
2024-01-01 09:18:55,28.99,56.59,-0.05,0.45,0,28.48,0.54
2024-01-01 09:19:00,28.2,55.46,-0.79,-1.13,0,28.56,0.44
2024-01-01 09:19:05,27.6,55.61,-0.6,0.14,0,28.46,0.6
2024-01-01 09:19:10,28.47,57.84,0.87,2.23,0,28.46,0.6
2024-01-01 09:19:15,28.79,58.34,0.32,0.5,0,28.41,0.54
2024-01-01 09:19:20,27.89,57.79,-0.9,-0.54,0,28.19,0.47
2024-01-01 09:19:25,27.49,57.17,-0.39,-0.62,0,28.05,0.56
2024-01-01 09:19:30,27.41,56.7,-0.08,-0.47,0,28.01,0.61
2024-01-01 09:19:35,26.42,57.45,-0.99,0.75,0,27.6,0.86
2024-01-01 09:19:40,25.88,57.69,-0.54,0.24,0,27.02,0.84
2024-01-01 09:19:45,26.92,56.77,1.04,-0.92,0,26.82,0.68
2024-01-01 09:19:50,25.66,56.48,-1.27,-0.29,0,26.46,0.72
2024-01-01 09:19:55,26.21,58.44,0.55,1.96,0,26.22,0.49
2024-01-01 09:20:00,39.0,74.7,10.28,21.07,2,28.73,5.76
2024-01-01 09:20:05,39.0,46.32,0.0,-28.37,2,31.36,6.99
2024-01-01 09:20:10,39.0,21.0,0.0,-25.32,2,33.77,7.16
2024-01-01 09:20:15,39.0,21.0,0.0,0.0,2,36.44,5.72
2024-01-01 09:20:20,39.0,21.0,0.0,0.0,2,39.0,0.0
2024-01-01 09:20:25,29.78,52.96,-9.22,31.96,2,37.16,4.12
2024-01-01 09:20:30,38.97,21.0,9.19,-31.96,2,37.15,4.12
2024-01-01 09:20:35,39.0,54.22,0.03,33.22,2,37.15,4.12
2024-01-01 09:20:40,25.31,76.88,-13.69,22.66,2,34.41,6.46
2024-01-01 09:20:45,36.35,95.0,11.04,18.12,2,33.88,6.09
2024-01-01 09:20:50,27.05,64.9,-0.89,1.26,0,33.34,6.65
2024-01-01 09:20:55,26.59,64.24,-0.45,-0.65,0,30.86,6.32
2024-01-01 09:21:00,26.3,65.62,-0.3,1.37,0,28.32,4.53
2024-01-01 09:21:05,25.23,68.76,-1.07,3.14,0,28.3,4.55
2024-01-01 09:21:10,25.76,68.98,0.53,0.22,0,26.19,0.71
2024-01-01 09:21:15,25.73,69.26,-0.03,0.29,0,25.92,0.53
2024-01-01 09:21:20,25.99,69.91,0.26,0.65,0,25.8,0.39
2024-01-01 09:21:25,26.27,70.0,0.28,0.09,0,25.8,0.38
2024-01-01 09:21:30,26.17,69.85,-0.1,-0.15,0,25.98,0.24
2024-01-01 09:21:35,26.07,70.98,-0.1,1.13,0,26.05,0.21
2024-01-01 09:21:40,26.37,68.04,0.3,-2.94,0,26.17,0.15
2024-01-01 09:21:45,26.7,68.24,0.33,0.19,0,26.32,0.24
2024-01-01 09:21:50,26.69,67.85,-0.01,-0.39,0,26.4,0.29
2024-01-01 09:21:55,27.25,68.8,0.56,0.95,0,26.62,0.44
2024-01-01 09:22:00,26.86,69.2,-0.39,0.41,0,26.77,0.32
2024-01-01 09:22:05,26.38,67.82,-0.49,-1.38,0,26.78,0.32
2024-01-01 09:22:10,26.06,68.69,-0.31,0.86,0,26.65,0.45
2024-01-01 09:22:15,26.54,69.2,0.48,0.51,0,26.62,0.46
2024-01-01 09:22:20,26.9,69.71,0.36,0.52,0,26.55,0.35
2024-01-01 09:22:25,26.58,70.15,-0.32,0.43,0,26.49,0.31
2024-01-01 09:22:30,26.98,70.9,0.4,0.75,0,26.61,0.36
2024-01-01 09:22:35,27.58,71.61,0.59,0.71,0,26.92,0.42
2024-01-01 09:22:40,27.75,72.68,0.18,1.07,0,27.16,0.49
2024-01-01 09:22:45,27.74,71.8,-0.01,-0.88,0,27.33,0.52
2024-01-01 09:22:50,27.66,71.05,-0.08,-0.74,0,27.54,0.32
2024-01-01 09:22:55,27.32,70.91,-0.34,-0.14,0,27.61,0.18
2024-01-01 09:23:00,26.92,70.6,-0.4,-0.31,0,27.48,0.36
2024-01-01 09:23:05,25.98,70.81,-0.95,0.21,0,27.12,0.72
2024-01-01 09:23:10,25.98,70.0,0.0,-0.82,0,26.77,0.77
2024-01-01 09:23:15,26.31,70.93,0.33,0.94,0,26.5,0.6
2024-01-01 09:23:20,25.5,70.17,-0.8,-0.76,0,26.14,0.52
2024-01-01 09:23:25,25.12,69.23,-0.38,-0.94,0,25.78,0.47
2024-01-01 09:23:30,25.53,69.04,0.41,-0.19,0,25.69,0.46
2024-01-01 09:23:35,25.4,67.03,-0.13,-2.0,0,25.57,0.44
2024-01-01 09:23:40,25.72,65.79,0.32,-1.24,0,25.45,0.22
2024-01-01 09:23:45,25.75,66.07,0.03,0.28,0,25.5,0.26
2024-01-01 09:23:50,26.43,64.76,0.68,-1.31,0,25.77,0.4
2024-01-01 09:23:55,24.92,64.95,-1.51,0.18,0,25.64,0.55
2024-01-01 09:24:00,25.82,66.19,0.9,1.24,0,25.73,0.54
2024-01-01 09:24:05,25.92,65.69,0.1,-0.49,0,25.77,0.54
2024-01-01 09:24:10,39.0,95.0,12.55,32.15,2,28.42,5.94
2024-01-01 09:24:15,39.0,66.96,0.0,-28.04,2,30.93,7.38
2024-01-01 09:24:20,29.71,95.0,-9.29,28.04,2,31.89,6.68
2024-01-01 09:24:25,39.0,67.3,9.29,-27.7,2,34.53,6.27
2024-01-01 09:24:30,39.0,89.74,0.0,22.44,2,37.14,4.15
2024-01-01 09:24:35,27.04,95.0,-11.96,5.26,2,34.75,5.9
2024-01-01 09:24:40,39.0,69.89,11.96,-25.11,2,34.75,5.9
2024-01-01 09:24:45,39.0,95.0,0.0,25.11,2,36.61,5.35
2024-01-01 09:24:50,39.0,95.0,0.0,0.0,2,36.61,5.35
2024-01-01 09:24:55,39.0,73.59,0.0,-21.41,2,36.61,5.35
2024-01-01 09:25:00,39.0,53.04,0.0,-20.56,2,39.0,0.0
2024-01-01 09:25:05,29.14,84.28,-9.86,31.24,2,37.03,4.41
2024-01-01 09:25:10,39.0,62.3,9.86,-21.98,2,37.03,4.41
2024-01-01 09:25:15,28.52,86.72,-10.48,24.42,2,34.93,5.57
2024-01-01 09:25:20,15.38,61.68,-13.13,-25.04,2,30.21,9.73
2024-01-01 09:25:25,15.0,28.25,-0.38,-33.43,2,25.41,10.21
2024-01-01 09:25:30,15.0,21.0,0.0,-7.25,2,22.58,10.86
2024-01-01 09:25:35,25.58,21.0,10.58,0.0,2,19.9,6.61
2024-01-01 09:25:40,34.57,51.46,8.99,30.46,2,21.11,8.78
2024-01-01 09:25:45,23.35,77.58,-11.22,26.12,2,22.7,8.19
2024-01-01 09:25:50,29.01,63.27,0.48,1.24,0,25.5,7.24
2024-01-01 09:25:55,29.06,63.47,0.04,0.2,0,28.31,4.25
2024-01-01 09:26:00,28.75,63.16,-0.31,-0.32,0,28.95,3.97
2024-01-01 09:26:05,29.06,64.36,0.31,1.2,0,27.85,2.52
2024-01-01 09:26:10,28.99,63.91,-0.07,-0.45,0,28.97,0.13
2024-01-01 09:26:15,28.99,64.51,0.0,0.6,0,28.97,0.13
2024-01-01 09:26:20,28.27,62.21,-0.72,-2.3,0,28.81,0.32
2024-01-01 09:26:25,27.99,60.99,-0.28,-1.22,0,28.66,0.49
2024-01-01 09:26:30,27.74,60.85,-0.25,-0.15,0,28.4,0.57
2024-01-01 09:26:35,27.51,62.3,-0.23,1.45,0,28.1,0.57
2024-01-01 09:26:40,27.67,62.6,0.16,0.3,0,27.84,0.3
2024-01-01 09:26:45,27.98,61.46,0.31,-1.14,0,27.78,0.21
2024-01-01 09:26:50,28.5,61.38,0.52,-0.08,0,27.88,0.39
2024-01-01 09:26:55,28.84,60.31,0.34,-1.07,0,28.1,0.56
2024-01-01 09:27:00,28.06,61.13,-0.78,0.82,0,28.21,0.46
2024-01-01 09:27:05,28.25,60.23,0.19,-0.9,0,28.33,0.35
2024-01-01 09:27:10,27.82,61.35,-0.43,1.13,0,28.29,0.39
2024-01-01 09:27:15,27.22,63.0,-0.59,1.64,0,28.04,0.59
2024-01-01 09:27:20,26.77,63.63,-0.45,0.64,0,27.62,0.62
2024-01-01 09:27:25,26.61,64.24,-0.16,0.6,0,27.33,0.69
2024-01-01 09:27:30,26.33,64.08,-0.27,-0.16,0,26.95,0.58
2024-01-01 09:27:35,26.35,63.07,0.02,-1.0,0,26.66,0.37
2024-01-01 09:27:40,26.72,62.56,0.37,-0.51,0,26.56,0.21
2024-01-01 09:27:45,26.61,61.57,-0.11,-0.99,0,26.52,0.17
2024-01-01 09:27:50,25.33,61.37,-1.28,-0.19,0,26.27,0.55
2024-01-01 09:27:55,26.54,62.16,1.21,0.78,0,26.31,0.56
2024-01-01 09:28:00,26.53,61.9,-0.01,-0.26,0,26.35,0.57
2024-01-01 09:28:05,26.54,62.44,0.01,0.55,0,26.31,0.55
2024-01-01 09:28:10,25.95,63.56,-0.59,1.11,0,26.18,0.54
2024-01-01 09:28:15,26.3,64.28,0.36,0.72,0,26.37,0.26
2024-01-01 09:28:20,26.52,64.3,0.22,0.02,0,26.37,0.25
2024-01-01 09:28:25,26.86,64.89,0.34,0.59,0,26.43,0.34
2024-01-01 09:28:30,26.68,64.31,-0.18,-0.57,0,26.46,0.35
2024-01-01 09:28:35,26.73,65.86,0.05,1.55,0,26.62,0.22
2024-01-01 09:28:40,26.11,64.4,-0.62,-1.47,0,26.58,0.29
2024-01-01 09:28:45,26.2,64.45,0.08,0.05,0,26.52,0.34
2024-01-01 09:28:50,26.28,64.69,0.09,0.24,0,26.4,0.29
2024-01-01 09:28:55,26.17,66.18,-0.11,1.49,0,26.3,0.25
2024-01-01 09:29:00,25.37,65.35,-0.8,-0.83,0,26.03,0.37
2024-01-01 09:29:05,25.32,63.71,-0.05,-1.64,0,25.87,0.48
2024-01-01 09:29:10,25.23,65.37,-0.09,1.66,0,25.67,0.51
2024-01-01 09:29:15,25.24,65.6,0.01,0.23,0,25.47,0.4
2024-01-01 09:29:20,24.61,64.98,-0.63,-0.62,0,25.15,0.31
2024-01-01 09:29:25,24.42,64.67,-0.19,-0.32,0,24.96,0.42
2024-01-01 09:29:30,25.07,65.22,0.64,0.56,0,24.91,0.38
2024-01-01 09:29:35,24.51,65.47,-0.56,0.25,0,24.77,0.36
2024-01-01 09:29:40,24.76,66.61,0.25,1.14,0,24.67,0.25
2024-01-01 09:29:45,25.55,65.6,0.79,-1.02,0,24.86,0.46
2024-01-01 09:29:50,25.14,64.34,-0.41,-1.26,0,25.01,0.4
2024-01-01 09:29:55,25.03,64.8,-0.12,0.47,0,25.0,0.39
2024-01-01 09:30:00,39.0,87.42,11.18,21.4,2,27.9,6.21
2024-01-01 09:30:05,29.69,66.81,-9.31,-20.61,2,28.88,5.98
2024-01-01 09:30:10,17.72,39.82,-11.97,-26.99,2,27.32,7.81
2024-01-01 09:30:15,26.96,21.0,9.24,-18.82,2,27.68,7.73
2024-01-01 09:30:20,15.55,45.01,-11.41,24.01,2,25.78,9.5
2024-01-01 09:30:25,15.0,21.0,-0.55,-24.01,2,20.98,6.85
2024-01-01 09:30:30,15.0,45.48,0.0,24.48,2,18.05,5.11
2024-01-01 09:30:35,15.0,72.65,0.0,27.17,2,17.5,5.29
2024-01-01 09:30:40,26.51,95.0,11.51,22.35,2,17.41,5.09
2024-01-01 09:30:45,35.25,95.0,8.74,0.0,2,21.35,9.23
2024-01-01 09:30:50,46.81,38.2,-0.43,0.88,1,27.71,13.66
2024-01-01 09:30:55,45.21,38.9,-1.6,0.69,1,33.76,13.31
2024-01-01 09:31:00,47.23,36.85,2.02,-2.04,1,40.2,9.08
2024-01-01 09:31:05,47.42,35.86,0.19,-0.99,1,44.38,5.18
2024-01-01 09:31:10,47.85,35.89,0.43,0.03,1,46.9,1.02
2024-01-01 09:31:15,47.21,36.62,-0.64,0.73,1,46.98,1.02
2024-01-01 09:31:20,49.01,36.33,1.8,-0.29,1,47.74,0.75
2024-01-01 09:31:25,49.73,34.39,0.72,-1.94,1,48.24,1.08
2024-01-01 09:31:30,48.78,35.1,-0.96,0.71,1,48.52,0.99
2024-01-01 09:31:35,50.26,35.64,1.48,0.53,1,49.0,1.16
2024-01-01 09:31:40,27.37,55.73,-0.63,0.6,0,45.03,9.89
2024-01-01 09:31:45,27.81,55.27,0.44,-0.45,0,40.79,12.06
2024-01-01 09:31:50,27.58,55.54,-0.24,0.27,0,36.36,12.03
2024-01-01 09:31:55,27.36,55.47,-0.22,-0.07,0,32.08,10.17
2024-01-01 09:32:00,28.41,55.23,1.05,-0.25,0,27.71,0.43
2024-01-01 09:32:05,28.23,54.58,-0.18,-0.65,0,27.88,0.44
2024-01-01 09:32:10,28.6,54.4,0.37,-0.18,0,28.04,0.54
2024-01-01 09:32:15,28.28,55.72,-0.32,1.32,0,28.18,0.48
2024-01-01 09:32:20,28.99,55.12,0.71,-0.6,0,28.5,0.31
2024-01-01 09:32:25,28.05,56.13,-0.93,1.01,0,28.43,0.37
2024-01-01 09:32:30,39.0,80.22,9.27,25.7,2,30.58,4.72
2024-01-01 09:32:35,39.0,56.23,0.0,-23.99,2,32.66,5.79
2024-01-01 09:32:40,39.0,90.05,0.0,33.81,2,34.81,5.75
2024-01-01 09:32:45,29.94,95.0,-9.06,4.95,2,35.0,5.52
2024-01-01 09:32:50,39.0,73.94,9.06,-21.06,2,37.19,4.05
2024-01-01 09:32:55,39.0,50.89,0.0,-23.04,2,37.19,4.05
2024-01-01 09:33:00,39.0,75.49,0.0,24.6,2,37.19,4.05
2024-01-01 09:33:05,39.0,46.56,0.0,-28.93,2,37.19,4.05
2024-01-01 09:33:10,28.1,21.0,-10.9,-25.56,2,36.82,4.87
2024-01-01 09:33:15,16.76,52.5,-11.34,31.5,2,32.37,9.92
2024-01-01 09:33:20,27.04,59.45,-0.09,0.92,0,29.98,9.35
2024-01-01 09:33:25,26.97,60.96,-0.06,1.51,0,27.57,7.88
2024-01-01 09:33:30,26.25,60.95,-0.73,-0.01,0,25.02,4.67
2024-01-01 09:33:35,25.62,61.31,-0.63,0.36,0,24.53,4.38
2024-01-01 09:33:40,26.06,60.89,0.44,-0.42,0,26.39,0.61
2024-01-01 09:33:45,24.76,61.09,-1.3,0.2,0,25.93,0.82
2024-01-01 09:33:50,24.98,61.5,0.22,0.4,0,25.53,0.65
2024-01-01 09:33:55,25.6,60.43,0.62,-1.07,0,25.4,0.53
2024-01-01 09:34:00,25.94,61.62,0.34,1.19,0,25.47,0.58
2024-01-01 09:34:05,25.05,61.94,-0.89,0.32,0,25.27,0.49
2024-01-01 09:34:10,24.8,61.86,-0.25,-0.08,0,25.27,0.48
2024-01-01 09:34:15,24.97,61.37,0.17,-0.49,0,25.27,0.48
2024-01-01 09:34:20,24.63,61.4,-0.34,0.03,0,25.08,0.51
2024-01-01 09:34:25,24.09,60.32,-0.54,-1.09,0,24.71,0.38
2024-01-01 09:34:30,24.43,59.17,0.34,-1.15,0,24.58,0.34
2024-01-01 09:34:35,24.76,59.63,0.33,0.46,0,24.58,0.34
2024-01-01 09:34:40,23.9,58.95,-0.86,-0.68,0,24.36,0.36
2024-01-01 09:34:45,24.5,57.97,0.6,-0.98,0,24.34,0.34
2024-01-01 09:34:50,24.26,58.44,-0.23,0.46,0,24.37,0.32
2024-01-01 09:34:55,24.66,58.18,0.39,-0.25,0,24.42,0.34
2024-01-01 09:35:00,24.36,59.61,-0.3,1.42,0,24.34,0.29
2024-01-01 09:35:05,25.23,60.58,0.87,0.98,0,24.6,0.38
2024-01-01 09:35:10,25.27,59.78,0.04,-0.81,0,24.76,0.47
2024-01-01 09:35:15,24.85,60.3,-0.42,0.52,0,24.87,0.39
2024-01-01 09:35:20,25.06,61.7,0.21,1.4,0,24.95,0.37
2024-01-01 09:35:25,25.39,60.2,0.33,-1.5,0,25.16,0.21
2024-01-01 09:35:30,25.91,59.2,0.53,-1.0,0,25.3,0.4
2024-01-01 09:35:35,25.72,59.45,-0.19,0.25,0,25.39,0.44
2024-01-01 09:35:40,26.72,62.56,1.0,3.11,0,25.76,0.63
2024-01-01 09:35:45,27.02,62.38,0.3,-0.18,0,26.15,0.69
2024-01-01 09:35:50,27.29,63.26,0.27,0.89,0,26.53,0.69
2024-01-01 09:35:55,27.13,65.06,-0.16,1.8,0,26.78,0.63
2024-01-01 09:36:00,27.24,65.56,0.12,0.5,0,27.08,0.23
2024-01-01 09:36:05,27.58,65.98,0.33,0.42,0,27.25,0.21
2024-01-01 09:36:10,28.0,65.36,0.42,-0.62,0,27.45,0.35
2024-01-01 09:36:15,27.72,64.26,-0.28,-1.1,0,27.53,0.35
2024-01-01 09:36:20,27.94,65.04,0.22,0.78,0,27.7,0.31
2024-01-01 09:36:25,28.17,66.71,0.23,1.67,0,27.88,0.23
2024-01-01 09:36:30,28.16,67.38,-0.0,0.67,0,28.0,0.18
2024-01-01 09:36:35,27.62,67.0,-0.55,-0.39,0,27.92,0.25
2024-01-01 09:36:40,51.71,15.49,-0.29,-0.06,1,32.72,10.62
2024-01-01 09:36:45,50.2,15.2,-1.52,-0.29,1,37.17,12.6
2024-01-01 09:36:50,51.09,15.67,0.89,0.46,1,41.76,12.67
2024-01-01 09:36:55,51.59,15.7,0.5,0.04,1,46.44,10.54
2024-01-01 09:37:00,51.59,15.18,0.01,-0.53,1,51.24,0.63
2024-01-01 09:37:05,52.29,15.51,0.7,0.34,1,51.35,0.77
2024-01-01 09:37:10,52.78,15.09,0.49,-0.42,1,51.87,0.67
2024-01-01 09:37:15,50.63,15.97,-2.15,0.88,1,51.78,0.81
2024-01-01 09:37:20,50.15,15.28,-0.48,-0.69,1,51.49,1.1
2024-01-01 09:37:25,50.85,14.97,0.69,-0.31,1,51.34,1.13
2024-01-01 09:37:30,29.03,61.6,0.34,-1.37,0,46.69,9.92
2024-01-01 09:37:35,29.64,61.86,0.61,0.26,0,42.06,11.62
2024-01-01 09:37:40,29.45,62.01,-0.18,0.14,0,37.82,11.58
2024-01-01 09:37:45,28.57,62.41,-0.89,0.41,0,33.51,9.7
2024-01-01 09:37:50,28.05,61.06,-0.51,-1.35,0,28.95,0.65
2024-01-01 09:37:55,27.29,62.17,-0.76,1.11,0,28.6,0.98
2024-01-01 09:38:00,26.98,63.71,-0.31,1.53,0,28.07,0.99
2024-01-01 09:38:05,26.71,62.0,-0.27,-1.71,0,27.52,0.77
2024-01-01 09:38:10,26.15,63.24,-0.56,1.24,0,27.04,0.7
2024-01-01 09:38:15,26.07,62.69,-0.08,-0.55,0,26.64,0.53
2024-01-01 09:38:20,26.15,63.19,0.08,0.5,0,26.41,0.41
2024-01-01 09:38:25,26.71,64.64,0.56,1.45,0,26.36,0.32
2024-01-01 09:38:30,26.53,63.31,-0.18,-1.33,0,26.32,0.28
2024-01-01 09:38:35,26.32,63.57,-0.21,0.26,0,26.36,0.27
2024-01-01 09:38:40,25.84,62.62,-0.48,-0.96,0,26.31,0.34
2024-01-01 09:38:45,26.01,62.57,0.17,-0.05,0,26.28,0.36
2024-01-01 09:38:50,26.03,61.81,0.02,-0.76,0,26.15,0.28
2024-01-01 09:38:55,25.91,60.88,-0.12,-0.92,0,26.02,0.18
2024-01-01 09:39:00,26.36,61.92,0.45,1.04,0,26.03,0.2
2024-01-01 09:39:05,25.44,60.99,-0.92,-0.93,0,25.95,0.33
2024-01-01 09:39:10,24.69,60.34,-0.75,-0.65,0,25.69,0.65
2024-01-01 09:39:15,24.65,58.89,-0.04,-1.45,0,25.41,0.75
2024-01-01 09:39:20,24.19,57.89,-0.46,-1.0,0,25.07,0.85
2024-01-01 09:39:25,24.29,57.96,0.1,0.07,0,24.65,0.49
2024-01-01 09:39:30,23.93,58.13,-0.36,0.18,0,24.35,0.32
2024-01-01 09:39:35,23.66,57.86,-0.27,-0.27,0,24.14,0.37
2024-01-01 09:39:40,24.49,59.2,0.84,1.34,0,24.11,0.32
2024-01-01 09:39:45,23.84,60.03,-0.65,0.83,0,24.04,0.34
2024-01-01 09:39:50,24.25,58.88,0.41,-1.15,0,24.03,0.33
2024-01-01 09:39:55,24.66,60.42,0.41,1.54,0,24.18,0.42
